Title,Company,Location,Job_type,Job_url,Salary,Work Location,Date Posted,Current Date,Job_id
Quality Analyst,Actalent,"Independence, MO (Onsite)",Contractor,https://www.careerbuilder.com/job/J3M51W6T2PJQ45VHT94,,On-site,2024-01-31,2024-01-31,J3M51W6T2PJQ45VHT94
QC Technician,Actalent,"Clayton, NC (Onsite)",Contractor,https://www.careerbuilder.com/job/J3W4VL6DH37CFM6T8TK,,On-site,2024-01-31,2024-01-31,J3W4VL6DH37CFM6T8TK
Quality Control Analyst,Actalent,"Cranbury, NJ (Onsite)",Contractor,https://www.careerbuilder.com/job/J3Q1JK67R67VGXZ5RSG,,On-site,2024-01-31,2024-01-31,J3Q1JK67R67VGXZ5RSG
"TEMP Analyst I, Quality Control - Molecular Biology",Innova Solutions,"Bothell, MA (Onsite)",Contractor,https://www.careerbuilder.com/job/J3P3YM79RQLRKJZVPHZ,$25.00 - $33.00/Hour,On-site,2024-01-31,2024-01-31,J3P3YM79RQLRKJZVPHZ
Technology consultant,Innova Solutions,"San Francisco, CA (Remote)",Contractor,https://www.careerbuilder.com/job/J3R18C79CP3LTF1NYBB,$61.00 - $70.00/Hour,Remote,2024-01-31,2024-01-31,J3R18C79CP3LTF1NYBB
Phlebotomist,Innova Solutions,"Santa Rosa, CA (Onsite)",Contractor,https://www.careerbuilder.com/job/J3T4MJ6DLX0T9X7MB6L,$20.00 - $22.00/Hour,On-site,2024-01-30,2024-01-31,J3T4MJ6DLX0T9X7MB6L
Business Systems Analyst,Nesco Resource,"Branchburg, NJ (Onsite)",Contractor,https://www.careerbuilder.com/job/J3V4XX6D2H6TFW603JW,$0.97 - $99.00/Hour,On-site,2024-01-31,2024-01-31,J3V4XX6D2H6TFW603JW
Financial Admin - (Medical Billing),Nesco Resource,"West Palm Beach, FL (Onsite)",Contractor,https://www.careerbuilder.com/job/J3R6R271QHC85Z2KRMP,$27.00/Hour,On-site,2024-01-30,2024-01-31,J3R6R271QHC85Z2KRMP
Data Analyst,Nesco Resource,"North Canton, OH (Onsite)",Contractor,https://www.careerbuilder.com/job/J3R3WG6HKDDLCV2PCKK,$30.00/Hour,On-site,2024-01-29,2024-01-31,J3R3WG6HKDDLCV2PCKK
Business IT Analyst,Kforce Technology,"Work From Home, TX (Remote)",Contractor,https://www.careerbuilder.com/job/J3S34P5VHSR9T3866KL,$40.00 - $60.00/Hour,Remote,2024-01-31,2024-01-31,J3S34P5VHSR9T3866KL
CRM Loyalty Campaign Analyst,Kforce Technology,"Hollywood, FL (Onsite)",Contractor,https://www.careerbuilder.com/job/J3V07Y6TSFT13ND654K,$30.00/Hour,On-site,2024-01-31,2024-01-31,J3V07Y6TSFT13ND654K
IT Engineer IV Specialized,Kforce Technology,"Herndon, VA (Hybrid)",Contractor,https://www.careerbuilder.com/job/J3R1JZ614358C3640SR,$63.00 - $86.00/Hour,Hybrid,2024-01-31,2024-01-31,J3R1JZ614358C3640SR
"***Operations Support Specialist || Hybrid in Addison, TX ***",Vaco Technology,"Hybrid in Addison, TX (Hybrid)",Contractor,https://www.careerbuilder.com/job/J3W1GW624PSZLN0T4D6,,Hybrid,2024-01-31,2024-01-31,J3W1GW624PSZLN0T4D6
Data Analyst,Vaco Technology,"Detroit, MI (Onsite)",Contractor,https://www.careerbuilder.com/job/J3N02Q6WHVXQZJ3FWZF,,On-site,2024-01-24,2024-01-31,J3N02Q6WHVXQZJ3FWZF
Solution Analyst,Vaco Technology,"Ann Arbor, MI (Onsite)",Contractor,https://www.careerbuilder.com/job/J3N3KP6Z2HWCMR032VM,$45.00 - $60.00/Hour,On-site,2024-01-22,2024-01-31,J3N3KP6Z2HWCMR032VM
Michael Page- Data Analyst/Finance Applications Support,Michael Page,"New York, New York, NY (Onsite)",Contractor,https://www.careerbuilder.com/job/J3V5K26261CZKBZ19HZ,$35.00 - $50.00/Hour,On-site,2024-01-31,2024-01-31,J3V5K26261CZKBZ19HZ
Michael Page - Product Analyst,Michael Page,"New York, New York, NY (Onsite)",Contractor,https://www.careerbuilder.com/job/J3W71J6VBQNM2YWFY2W,$50.00 - $56.00/Hour,On-site,2024-01-29,2024-01-31,J3W71J6VBQNM2YWFY2W
Contingent Workforce Management Business Analyst (MSP),Michael Page,"New York, NY (Remote)",Contractor,https://www.careerbuilder.com/job/J3S23S6PS1JNSM5F2BN,$45.00 - $60.00/Hour,Remote,2024-01-23,2024-01-31,J3S23S6PS1JNSM5F2BN
Learning & Development Analyst,Stefanini,"Atlanta, GA (Onsite)",Contractor,https://www.careerbuilder.com/job/J3M08L5YBNHCT3RSFG8,$32.00 - $36.00/Hour,On-site,2024-01-31,2024-01-31,J3M08L5YBNHCT3RSFG8
Learning & Development Analyst,Stefanini,"Atlanta, GA (Onsite)",Contractor,https://www.careerbuilder.com/job/J3M6R06BF0DC47LS5HR,$38.00 - $44.00/Hour,On-site,2024-01-31,2024-01-31,J3M6R06BF0DC47LS5HR
Material Coordinator,Stefanini,"San Ramon, CA (Onsite)",Contractor,https://www.careerbuilder.com/job/J3W2MT66VD3B806N7ZS,$30.00 - $36.00/Hour,On-site,2024-01-22,2024-01-31,J3W2MT66VD3B806N7ZS
Business Analyst/Scrum Master,APN Healthcare Solutions,"Livingston, NJ (Onsite)",Contractor,https://www.careerbuilder.com/job/J3T4MC6LY4W5BN6ZM3P,,On-site,2024-01-31,2024-01-31,J3T4MC6LY4W5BN6ZM3P
Business Analyst/Scrum Master,APN Healthcare Solutions,"New Jersey, US (Onsite)",Contractor,https://www.careerbuilder.com/job/J3Q6CP75BVRT0887FC6,,On-site,2024-01-31,2024-01-31,J3Q6CP75BVRT0887FC6
IN-WCB QA Analyst-Senior,APN Healthcare Solutions,"Indianapolis, IN (Onsite)",Contractor,https://www.careerbuilder.com/job/J3S71X5WTSZGG9GVZDT,,On-site,2024-01-19,2024-01-31,J3S71X5WTSZGG9GVZDT
Help Desk Analyst I,"Integrated Resources, Inc","Topeka, KS (Hybrid)",Contractor,https://www.careerbuilder.com/job/J313756F9714WN8NLP8,,Hybrid,2024-01-31,2024-01-31,J313756F9714WN8NLP8
Inventory Analyst I,"Integrated Resources, Inc","Dubuque, IA (Onsite)",Contractor,https://www.careerbuilder.com/job/JDD0Q5722G15FPZK6GF,,On-site,2024-01-26,2024-01-31,JDD0Q5722G15FPZK6GF
Project Coordinator,"Integrated Resources, Inc","Naperville, IL (Hybrid)",Contractor,https://www.careerbuilder.com/job/JCL0GJ6KH2TCD4S17K6,,Hybrid,2024-01-25,2024-01-31,JCL0GJ6KH2TCD4S17K6
Business Analyst - B,"TalentBurst, Inc.","Des Plaines, IL (Onsite)",Contractor,https://www.careerbuilder.com/job/J3R0CG6FT020J36P0K8,$25.00 - $28.00/Hour,On-site,2024-01-30,2024-01-31,J3R0CG6FT020J36P0K8
Business Analyst,"TalentBurst, Inc.","Montgomery, AL (Onsite)",Contractor,https://www.careerbuilder.com/job/J3P7W75VN7RX7KPSR18,$55.74 - $57.00/Hour,On-site,2024-01-29,2024-01-31,J3P7W75VN7RX7KPSR18
Data Analyst II,"TalentBurst, Inc.","Philadelphia, PA (Onsite)",Contractor,https://www.careerbuilder.com/job/J3R0K46TH26YNPC365B,$37.00 - $40.00/Hour,On-site,2024-01-26,2024-01-31,J3R0K46TH26YNPC365B
Junior IT Business Analyst SAP Support,Hired by Matrix,"Cary, NC (Onsite)",Contractor,https://www.careerbuilder.com/job/J3P4N36YQ9SCW665RY6,$25.00 - $30.00/Hour,On-site,2024-01-30,2024-01-31,J3P4N36YQ9SCW665RY6
Accounting Operations Analyst,Hired by Matrix,"Winston-Salem, NC (Onsite)",Contractor,https://www.careerbuilder.com/job/J3P7WR6Z1BLRQZ579HJ,$25.00 - $29.00/Hour,On-site,2024-01-25,2024-01-31,J3P7WR6Z1BLRQZ579HJ
Junior IT Business Analyst SAP Support,Hired by Matrix,"Cary, NC (Onsite)",Contractor,https://www.careerbuilder.com/job/J3Q0VG6ZWYXXQ5RH0VK,$25.00 - $30.00/Hour,On-site,2024-01-31,2024-01-31,J3Q0VG6ZWYXXQ5RH0VK
"Analyst, Information Security Engineer",Sunrise System Inc,USA (Remote),Contractor,https://www.careerbuilder.com/job/JDD64T6QVT89721QJRN,,Remote,2024-01-30,2024-01-31,JDD64T6QVT89721QJRN
Business Systems Analyst III,Sunrise System Inc,USA (Remote),Contractor,https://www.careerbuilder.com/job/J303QG60C4L365J2N1S,,Remote,2024-01-12,2024-01-31,J303QG60C4L365J2N1S
Salesforce Architects,STS Technical Services,"Melbourne, FL (Onsite)",Contractor,https://www.careerbuilder.com/job/J3T2L17545K6K0ZKJPL,,On-site,2024-01-30,2024-01-31,J3T2L17545K6K0ZKJPL
Marketing Data Analysts,STS Technical Services,"Melbourne, FL (Onsite)",Contractor,https://www.careerbuilder.com/job/J3W2SS71FC9C9SKZHDZ,,On-site,2024-01-02,2024-01-31,J3W2SS71FC9C9SKZHDZ
Helpdesk Analyst,"Mastech Digital, Inc.","Irving, TX (Onsite)",Contractor,https://www.careerbuilder.com/job/J3S2YC6S4LV92Z6HMT2,,On-site,2024-01-30,2024-01-31,J3S2YC6S4LV92Z6HMT2
Principal Data Analyst/Data Modeler,"Mastech Digital, Inc.","Durham, NC (Onsite)",Contractor,https://www.careerbuilder.com/job/J3W4PZ6BMJ3331K020Q,,On-site,2024-01-23,2024-01-31,J3W4PZ6BMJ3331K020Q
PL/SQL Techno Functional,"Mastech Digital, Inc.","Plano, TX (Onsite)",Contractor,https://www.careerbuilder.com/job/J3S4NK6TDLXXHLT90XF,,On-site,2024-01-08,2024-01-31,J3S4NK6TDLXXHLT90XF
Remote Power BI Analyst (Google Analytics Exp) 29506,Solving IT,USA (Remote),Contractor,https://www.careerbuilder.com/job/J3W4RQ60711M47WVVYX,,Remote,2024-01-30,2024-01-31,J3W4RQ60711M47WVVYX
Onsite Privacy Analyst 29617,Solving IT,"Chicago, IL (Onsite)",Contractor,https://www.careerbuilder.com/job/J3W7PN773QMDY6HHPV9,,On-site,2024-01-25,2024-01-31,J3W7PN773QMDY6HHPV9
Hybrid Project Coordinator 29616,Solving IT,"Naperville, IL (Hybrid)",Contractor,https://www.careerbuilder.com/job/J3T1J264CCPY3Q0L76F,,Hybrid,2024-01-24,2024-01-31,J3T1J264CCPY3Q0L76F
Business Analyst / Project Coordinator,Kforce Finance and Accounting,"Albertville, AL (Onsite)",Contractor,https://www.careerbuilder.com/job/J3M1KQ63SGYSQDYBRR9,$25.00 - $26.00/Hour,On-site,2024-01-30,2024-01-31,J3M1KQ63SGYSQDYBRR9
Investment Analyst,Kforce Finance and Accounting,"Newark, DE (Hybrid)",Contractor,https://www.careerbuilder.com/job/J3W2716X4T4VFVNRM5T,$25.00 - $28.00/Hour,Hybrid,2024-01-26,2024-01-31,J3W2716X4T4VFVNRM5T
Business Analyst,Kforce Finance and Accounting,"Plano, TX (Hybrid)",Contractor,https://www.careerbuilder.com/job/J3Q2L06CPYGFD1KQ8LZ,$35.00 - $37.00/Hour,Hybrid,2024-01-19,2024-01-31,J3Q2L06CPYGFD1KQ8LZ
Senior Financial Analyst,Vaco Financial,"Livonia, MI (Onsite)",Contractor,https://www.careerbuilder.com/job/J3V0JG6DF0428ZMVTCZ,$40.00 - $60.00/Hour,On-site,2024-01-29,2024-01-31,J3V0JG6DF0428ZMVTCZ
Senior Financial Analyst,Vaco Financial,"Livonia, MI (Onsite)",Contractor,https://www.careerbuilder.com/job/J3N3DZ6KMT89B62NSN1,$40.00 - $60.00/Hour,On-site,2024-01-29,2024-01-31,J3N3DZ6KMT89B62NSN1
Senior Financial Analyst,Vaco Financial,"Livonia, MI (Onsite)",Contractor,https://www.careerbuilder.com/job/J3T7087178JNSFR0T04,"$40,000 - $60,000/Year",On-site,2024-01-29,2024-01-31,J3T7087178JNSFR0T04
Data Platform Engineer,Genesis10,"Warren, NJ (Onsite)",Contractor,https://www.careerbuilder.com/job/J3P7ZB6TT6GX9CXC329,,On-site,2024-01-29,2024-01-31,J3P7ZB6TT6GX9CXC329
Analytics Product Owner,Genesis10,"New York, NY (Onsite)",Contractor,https://www.careerbuilder.com/job/J3S3NQ6B995ZVWVKMDB,,On-site,2024-01-26,2024-01-31,J3S3NQ6B995ZVWVKMDB
Business Analyst - Senior,Genesis10,"Franklin, WI (Onsite)",Contractor,https://www.careerbuilder.com/job/J3T1XP66XTYBW5QZMF2,$35.00 - $40.00/Hour,On-site,2024-01-25,2024-01-31,J3T1XP66XTYBW5QZMF2
Portfolio Accounting Analyst 2,Yoh,"Boston, MA (Onsite)",Contractor,https://www.careerbuilder.com/job/J3T6GZ77LS41G3S6RGT,$40.00 - $45.00/Hour,On-site,2024-01-26,2024-01-31,J3T6GZ77LS41G3S6RGT
Senior Systems Analyst with SQL - investor support - RTH,Yoh,"Boston, MA (Onsite)",Contractor,https://www.careerbuilder.com/job/J3S85X6GKL9J2XJ9158,$55.00 - $70.00/Hour,On-site,2024-01-24,2024-01-31,J3S85X6GKL9J2XJ9158
Power BI Developer,Yoh,"Culver City, CA (Onsite)",Contractor,https://www.careerbuilder.com/job/J3R5BK72HH4JQRVXP2C,$0.00 - $65.00/Hour,On-site,2024-01-19,2024-01-31,J3R5BK72HH4JQRVXP2C
Lab Assistant (Medical/Clinical),Innova Solutions,"Chapel Hill, NC (Onsite)",Contractor,https://www.careerbuilder.com/job/J3M8G26D3CYQQ407JK0,$16.00 - $18.00/Hour,On-site,2024-01-31,2024-01-31,J3M8G26D3CYQQ407JK0
Techincal Project Manager,Innova Solutions,"Kennesaw, GA (Onsite)",Contractor,https://www.careerbuilder.com/job/J3T61W6CMLKT8F06WL9,,On-site,2024-01-31,2024-01-31,J3T61W6CMLKT8F06WL9
"Analyst, IT Field Service",Rose International,"Maryville, TN (Onsite)",Contractor,https://www.careerbuilder.com/job/J333NX6GC0Q6LP2RQ62,$25.00 - $25.49/Hour,On-site,2024-01-31,2024-01-31,J333NX6GC0Q6LP2RQ62
RPA Blue Prism Developer,Rose International,"Foster City, CA (Onsite)",Contractor,https://www.careerbuilder.com/job/J2V25K5W2YSF7LF7GL7,$56.00 - $61.00/Hour,On-site,2024-01-22,2024-01-31,J2V25K5W2YSF7LF7GL7
Inventory Analyst,Rose International,"Dubuque, IA (Onsite)",Contractor,https://www.careerbuilder.com/job/JDH22R6ZWBXG3LS54F8,$17.00 - $19.59/Hour,On-site,2024-01-22,2024-01-31,JDH22R6ZWBXG3LS54F8
Business Analyst,Kforce Technology,"Work From Home, FL (Remote)",Contractor,https://www.careerbuilder.com/job/J3P7PR6F3M4059YXBRD,$40.00 - $44.00/Hour,Remote,2024-01-31,2024-01-31,J3P7PR6F3M4059YXBRD
Business Analyst,Kforce Technology,"Work From Home, CA (Remote)",Contractor,https://www.careerbuilder.com/job/J3Q3F26CX0LV0996R33,$40.00 - $45.00/Hour,Remote,2024-01-31,2024-01-31,J3Q3F26CX0LV0996R33
"***Business Systems Analyst | Hybrid in Memphis,TN | NO C2C***",Vaco Technology,"Memphis, TN (Hybrid)",Contractor,https://www.careerbuilder.com/job/J3T8516CRK7VTR49Z1Y,,Hybrid,2024-01-31,2024-01-31,J3T8516CRK7VTR49Z1Y
Operations Analyst,Stefanini,"Deerfield, IL (Onsite)",Contractor,https://www.careerbuilder.com/job/J3T43M6X2F1M22GPCVB,$30.00 - $32.00/Hour,On-site,2024-01-24,2024-01-31,J3T43M6X2F1M22GPCVB
Business Analyst,ConsultNet,"Jackson, MS (Onsite)",Contractor,https://www.careerbuilder.com/job/J3S4RM6285L8C78D838,$30.00 - $40.00/Hour,On-site,2024-01-31,2024-01-31,J3S4RM6285L8C78D838
Business Analyst,ConsultNet,"Phoenix, AZ (Onsite)",Contractor,https://www.careerbuilder.com/job/J3Q4CT6KTFY0M01HNPR,$40.00 - $55.00/Hour,On-site,2024-01-24,2024-01-31,J3Q4CT6KTFY0M01HNPR
Digital IT Analyst,ConsultNet,"Akron, OH (Onsite)",Contractor,https://www.careerbuilder.com/job/J3M86V79NYGHFP6GNCH,$35.00 - $40.00/Hour,On-site,2024-01-17,2024-01-31,J3M86V79NYGHFP6GNCH
Instructional Designer,Volt,"Oak Brook, IL (Onsite)",Contractor,https://www.careerbuilder.com/job/J3S03T62ZSF8DT6PGZ0,$47.00 - $53.00/Hour,On-site,2024-01-31,2024-01-31,J3S03T62ZSF8DT6PGZ0
Material Handler,Volt,"Loudon, TN (Onsite)",Contractor,https://www.careerbuilder.com/job/JDD6RY6SC8LW6DG9MB8,$15.00 - $16.50/Hour,On-site,2024-01-29,2024-01-31,JDD6RY6SC8LW6DG9MB8
CSC Customer Service Spec 1,Volt,"Temple, TX (Onsite)",Contractor,https://www.careerbuilder.com/job/J3R7WS6WJH4GFKJYFGM,$15.00 - $18.00/Hour,On-site,2024-01-17,2024-01-31,J3R7WS6WJH4GFKJYFGM
Java Developer IV - Daily,APN Healthcare Solutions,"Jersey City, NJ (Onsite)",Contractor,https://www.careerbuilder.com/job/J3Q2XQ6C56SZ67ZGLQC,,On-site,2024-01-29,2024-01-31,J3Q2XQ6C56SZ67ZGLQC
"IAM Analyst - HYBRID IN TROY, MI",FastTek Global,"Troy, MI (Hybrid)",Contractor,https://www.careerbuilder.com/job/J2W7XS6NG8W25JGBPC5,$58.00 - $60.00/Hour,Hybrid,2024-01-31,2024-01-31,J2W7XS6NG8W25JGBPC5
Business Analyst (Business and Financial Operations),FastTek Global,"Lansing, MI (Hybrid)",Contractor,https://www.careerbuilder.com/job/JDD6HV6FQ5C2FQG3ZHQ,$50.00 - $52.00/Hour,Hybrid,2024-01-25,2024-01-31,JDD6HV6FQ5C2FQG3ZHQ
IAM Analyst,FastTek Global,"Troy, MI (Hybrid)",Contractor,https://www.careerbuilder.com/job/J2P45F7532W8W20P5VK,$50.00 - $52.00/Hour,Hybrid,2024-01-25,2024-01-31,J2P45F7532W8W20P5VK
Sr. Software Analyst,Hired by Matrix,"Columbus, OH (Onsite)",Contractor,https://www.careerbuilder.com/job/J3S0D079LNRLCWD7B7Q,$59.19 - $63.32/Hour,On-site,2024-01-26,2024-01-31,J3S0D079LNRLCWD7B7Q
Sr. Software Engineer,Hired by Matrix,"Columbus, OH (Onsite)",Contractor,https://www.careerbuilder.com/job/J3R37J626XSMFQSSGLX,$78.98 - $110.00/Hour,On-site,2024-01-26,2024-01-31,J3R37J626XSMFQSSGLX
Risk Analyst_MA10,Sunrise System Inc,"Houston, TX (Onsite)",Contractor,https://www.careerbuilder.com/job/J2Y76T6ZB4NRNG6DBHR,,On-site,2024-01-23,2024-01-31,J2Y76T6ZB4NRNG6DBHR
BSA TM Analyst,Kforce Finance and Accounting,"Los Angeles, CA (Onsite)",Contractor,https://www.careerbuilder.com/job/J3P8GV71FP1DFC3NV8V,$25.00 - $35.00/Hour,On-site,2024-01-30,2024-01-31,J3P8GV71FP1DFC3NV8V
Implementations Analyst,Kforce Finance and Accounting,"Boston, MA (Hybrid)",Contractor,https://www.careerbuilder.com/job/J3Q4FH6PPD732185WG9,$25.00 - $27.00/Hour,Hybrid,2024-01-26,2024-01-31,J3Q4FH6PPD732185WG9
Tax Analyst - Intermediate,AppleOne,"Newark, DE (Onsite)",Contractor,https://www.careerbuilder.com/job/J3R8HV5YX72K9XC3KV2,$35.00 - $40.00/Hour,On-site,2024-01-29,2024-01-31,J3R8HV5YX72K9XC3KV2
Fund Accountant,AppleOne,"Boston, MA (Onsite)",Contractor,https://www.careerbuilder.com/job/J3R6HW787LMNLZS4HPN,$30.00/Hour,On-site,2024-01-26,2024-01-31,J3R6HW787LMNLZS4HPN
Risk Analyst I,Dexian - DISYS,"Mountain View, CA (Hybrid)",Contractor,https://www.careerbuilder.com/job/J4R7HB6NND85NX5V380,$29.00 - $30.00/Hour,Hybrid,2024-01-29,2024-01-31,J4R7HB6NND85NX5V380
Risk Analyst I,Dexian - DISYS,"Mountain View, CA (Hybrid)",Contractor,https://www.careerbuilder.com/job/JCM3N96WFC22C1LRQBD,$29.00 - $30.00/Hour,Hybrid,2024-01-29,2024-01-31,JCM3N96WFC22C1LRQBD
FULL STACK PYTHON ENGINEER - AI,Dexian - DISYS,USA (Remote),Contractor,https://www.careerbuilder.com/job/J3V4RD751LLM37SLRVS,,Remote,2024-01-18,2024-01-31,J3V4RD751LLM37SLRVS
Vendor Management Analyst,Genesis10,"Warren, NJ (Onsite)",Contractor,https://www.careerbuilder.com/job/J3S0JH6GSMR6HDZFGJV,$50.00 - $60.00/Hour,On-site,2024-01-29,2024-01-31,J3S0JH6GSMR6HDZFGJV
Lab Computing Analyst,Actalent,"Bothell, WA (Onsite)",Contractor,https://www.careerbuilder.com/job/J3R2YZ6NMR821C4PRWN,,On-site,2024-01-31,2024-01-31,J3R2YZ6NMR821C4PRWN
Business Analyst,Rose International,"Jefferson City, MO (Hybrid)",Contractor,https://www.careerbuilder.com/job/JD723D6J43788WLQH7X,$40.00 - $43.00/Hour,Hybrid,2024-01-19,2024-01-31,JD723D6J43788WLQH7X
Financial Analyst,Nesco Resource,"Costa Mesa, CA (Onsite)",Contractor,https://www.careerbuilder.com/job/J3R45R78FZ9G66GL93B,$30.00/Hour,On-site,2024-01-29,2024-01-31,J3R45R78FZ9G66GL93B
Compensation and Benefits Analyst,Stefanini,"San Ramon, CA (Onsite)",Contractor,https://www.careerbuilder.com/job/J3Q4N25WGZ637T1H1NP,$30.00 - $35.00/Hour,On-site,2024-01-31,2024-01-31,J3Q4N25WGZ637T1H1NP
Security Incident Response Tester Engineer,ConsultNet,"Rockville, MD (Onsite)",Contractor,https://www.careerbuilder.com/job/J3W3ZV69XPLL140R3K7,$80.00 - $90.00/Hour,On-site,2024-01-30,2024-01-31,J3W3ZV69XPLL140R3K7
Senior Financial Analyst,"Integrated Resources, Inc","Boston, MA (Onsite)",Contractor,https://www.careerbuilder.com/job/J317HK6R8HMGZFNCW49,,On-site,2024-01-19,2024-01-31,J317HK6R8HMGZFNCW49
"Manager, Competitive Proposals",Innova Solutions,"Tampa, FL (Onsite)",Contractor,https://www.careerbuilder.com/job/J3M87269YNLBD6VQMNS,,On-site,2024-01-30,2024-01-31,J3M87269YNLBD6VQMNS
Tier III O&M Network Engineer,Innova Solutions,"Denver, Colorado, CO (Onsite)",Contractor,https://www.careerbuilder.com/job/J3M7SS6BBF4Y461QWDY,$55.00 - $65.00/Hour,On-site,2024-01-28,2024-01-31,J3M7SS6BBF4Y461QWDY
Finance Analyst/Coordinator,Sunrise System Inc,"Skillman, NJ (Hybrid)",Contractor,https://www.careerbuilder.com/job/JD60FJ6TG9LCQCGRMY8,,Hybrid,2024-01-29,2024-01-31,JD60FJ6TG9LCQCGRMY8
Call Center Performance Analyst​,"TalentBurst, Inc.","Westwood, MA (Onsite)",Contractor,https://www.careerbuilder.com/job/J3S8CR71CGZZXX2W6SR,$27.00 - $29.00/Hour,On-site,2024-01-23,2024-01-31,J3S8CR71CGZZXX2W6SR
Business / Systems Analyst 2,eXcell,"Redmond, WA (Onsite)",Contractor,https://www.careerbuilder.com/job/J3W2N06FT9F7T8R2L0W,$42.50 - $45.50/Hour,On-site,2024-01-26,2024-01-31,J3W2N06FT9F7T8R2L0W
Usability Researcher 3,eXcell,"Redmond, WA (Onsite)",Contractor,https://www.careerbuilder.com/job/J3R4BB74KCXG991W0HC,$63.00 - $68.00/Hour,On-site,2024-01-18,2024-01-31,J3R4BB74KCXG991W0HC
Systems Analyst 3,eXcell,"Redmond, WA (Onsite)",Contractor,https://www.careerbuilder.com/job/J3R7RF6LH0TZWJ26SBM,$64.00 - $67.50/Hour,On-site,2024-01-09,2024-01-31,J3R7RF6LH0TZWJ26SBM
.Net Application Developer,Genesis10,"East Granby, CT (Onsite)",Contractor,https://www.careerbuilder.com/job/J3N1S86RK71Y2VYT2W9,$0.00 - $60.00/Hour,On-site,2024-01-23,2024-01-31,J3N1S86RK71Y2VYT2W9
Operations Technician,Genesis10,"Charlotte, NC (Onsite)",Contractor,https://www.careerbuilder.com/job/J3N6S96H5DVBQZP9FVZ,$30.00 - $34.00/Hour,On-site,2024-01-23,2024-01-31,J3N6S96H5DVBQZP9FVZ
Analyst Assistant,"Beacon Hill Staffing Group, LLC","Boston, MA (Onsite)",Contractor,https://www.careerbuilder.com/job/J3P012789920FN13SRF,,On-site,2024-01-26,2024-01-31,J3P012789920FN13SRF
Analyst Assistant,"Beacon Hill Staffing Group, LLC","Boston, MA (Onsite)",Contractor,https://www.careerbuilder.com/job/J3N0K76B8F9BFQL1FMB,,On-site,2024-01-19,2024-01-31,J3N0K76B8F9BFQL1FMB
Operations Analyst,"Beacon Hill Staffing Group, LLC","Boston, MA (Onsite)",Contractor,https://www.careerbuilder.com/job/J3R3M26KK8BZTLH8XDR,$28.00 - $30.00/Hour,On-site,2024-01-16,2024-01-31,J3R3M26KK8BZTLH8XDR
Hybrid Sr. Contract Analyst 29610,Solving IT,"Chicago, IL (Hybrid)",Contractor,https://www.careerbuilder.com/job/J3Q5395ZGBKMMKT1HD8,,Hybrid,2024-01-23,2024-01-31,J3Q5395ZGBKMMKT1HD8
Hybrid Sr. Reporting Analyst 29607,Solving IT,"Richardson, TX (Hybrid)",Contractor,https://www.careerbuilder.com/job/J3W5JX6WFN2RS72QLVR,,Hybrid,2024-01-19,2024-01-31,J3W5JX6WFN2RS72QLVR
Pathogens Microbiology Lab Technician,Actalent,"Dublin, OH (Onsite)",Contractor,https://www.careerbuilder.com/job/J3R1FW6HZJXV19XPLLQ,,On-site,2024-01-31,2024-01-31,J3R1FW6HZJXV19XPLLQ
Entry Level R&D Scientist,Actalent,"Columbus, OH (Onsite)",Contractor,https://www.careerbuilder.com/job/J3R6QR72KBHGNXBZTTQ,,On-site,2024-01-30,2024-01-31,J3R6QR72KBHGNXBZTTQ
Laboratory Assistant,Actalent,"Coralville, IA (Onsite)",Contractor,https://www.careerbuilder.com/job/J3Q31R67GBZ96MCX2L5,,On-site,2024-01-30,2024-01-31,J3Q31R67GBZ96MCX2L5
Python Developer,Kforce Technology,"Work From Home, GA (Remote)",Contractor,https://www.careerbuilder.com/job/J3T45F6H04SRJN9B5HS,$38.00 - $48.00/Hour,Remote,2024-01-31,2024-01-31,J3T45F6H04SRJN9B5HS
Usability Researcher,Kforce Technology,"Work From Home, WA (Remote)",Contractor,https://www.careerbuilder.com/job/J3S4566WSL3H4DJ2FYR,$50.00 - $65.00/Hour,Remote,2024-01-26,2024-01-31,J3S4566WSL3H4DJ2FYR
Senior Data Engineer,Kforce Technology,"Beaverton, OR (Onsite)",Contractor,https://www.careerbuilder.com/job/J3R1776K6ST20XGDN6T,$50.00 - $63.00/Hour,On-site,2024-01-23,2024-01-31,J3R1776K6ST20XGDN6T
Data Scientist 29548,Solving IT,"Mason, OH (Onsite)",Contractor,https://www.careerbuilder.com/job/J3T1CQ6LDLN3L7LJ8KF,,On-site,2024-01-28,2024-01-31,J3T1CQ6LDLN3L7LJ8KF
Data Scientist 29548,Solving IT,"Mason, OH (Onsite)",Contractor,https://www.careerbuilder.com/job/J3N1075VMLL8GRGW5LX,,On-site,2024-01-29,2024-01-31,J3N1075VMLL8GRGW5LX
Laboratory Technician (Life Science/Medical Device),"Software Galaxy Systems, LLC","Lafayette, IN (Onsite)",Contractor,https://www.careerbuilder.com/job/JDH38775PZZNJG0SP60,$24.00 - $25.00/Hour,On-site,2024-01-29,2024-01-31,JDH38775PZZNJG0SP60
Laboratory Technician (Life Science/Medical Device),"Software Galaxy Systems, LLC","Lafayette, IN (Onsite)",Contractor,https://www.careerbuilder.com/job/J3N4C3634W5HCCF6BRP,$24.00 - $25.00/Hour,On-site,2024-01-30,2024-01-31,J3N4C3634W5HCCF6BRP
Sr. Research Associate,TALENT Software Services,"Seattle, WA (Onsite)",Contractor,https://www.careerbuilder.com/job/J3Q3N56WFQVW2RP8W99,$35.00 - $45.00/Hour,On-site,2024-01-29,2024-01-31,J3Q3N56WFQVW2RP8W99
Sr. Research Associate,TALENT Software Services,"Seattle, WA (Onsite)",Contractor,https://www.careerbuilder.com/job/J3N78Z5VKTCW7L448WF,,On-site,2024-01-29,2024-01-31,J3N78Z5VKTCW7L448WF
Data Scientist,TALENT Software Services,"Redmond, WA (Onsite)",Contractor,https://www.careerbuilder.com/job/J3P3HC73W5NM3PRT7JD,,On-site,2024-01-22,2024-01-31,J3P3HC73W5NM3PRT7JD
Chemist,"Integrated Resources, Inc","Lansdale, PA (Onsite)",Contractor,https://www.careerbuilder.com/job/J2P4KW67W30NXJ91JHP,$35.00/Hour,On-site,2024-01-29,2024-01-31,J2P4KW67W30NXJ91JHP
Scientist - III,"Integrated Resources, Inc","Rahway, NJ (Onsite)",Contractor,https://www.careerbuilder.com/job/J2P6FB63MPN7KVQCKNW,,On-site,2024-01-25,2024-01-31,J2P6FB63MPN7KVQCKNW
Scientist - II,"Integrated Resources, Inc","Rahway, NJ (Onsite)",Contractor,https://www.careerbuilder.com/job/JCM5K66WT6L05C70Y2H,"$68,640 - $71,864/Year",On-site,2024-01-24,2024-01-31,JCM5K66WT6L05C70Y2H
Quality Control Laboratory Technician,Hired by Matrix,"Christiana, DE (Onsite)",Contractor,https://www.careerbuilder.com/job/J3Q6DR632TJ0CSCBYRX,$27.00 - $30.00/Hour,On-site,2024-01-29,2024-01-31,J3Q6DR632TJ0CSCBYRX
Quality Control Laboratory Technician,Hired by Matrix,"Christiana, DE (Onsite)",Contractor,https://www.careerbuilder.com/job/J3P85Z6BLG7BDB4S2F7,$27.00 - $30.00/Hour,On-site,2024-01-29,2024-01-31,J3P85Z6BLG7BDB4S2F7
Associate Scientist / Mammalian Cell Culture / Pharma Industry,Pioneer Data Systems Inc,"Boulder, CO (Onsite)",Contractor,https://www.careerbuilder.com/job/JD804G5YV3V9YQ0JPWD,,On-site,2024-01-25,2024-01-31,JD804G5YV3V9YQ0JPWD
"Analytical Scientist (HPLC, UV Spectroscopy) / Pharma Industry",Pioneer Data Systems Inc,"Peapack, NJ (Onsite)",Contractor,https://www.careerbuilder.com/job/J330YH6NQJTBKN1HNY9,,On-site,2024-01-25,2024-01-31,J330YH6NQJTBKN1HNY9
Chemistry Lab Operations Scientist II / Pharma Industry,Pioneer Data Systems Inc,"Malvern, PA (Onsite)",Contractor,https://www.careerbuilder.com/job/J2Z0W06T4RYM3VW0XQ5,,On-site,2024-01-12,2024-01-31,J2Z0W06T4RYM3VW0XQ5
Lead Data Bricks Engineer,Trinity Technology Solutions,"New York, NY (Onsite)",Contractor,https://www.careerbuilder.com/job/J4R0V372SJHS245WSRV,,On-site,2024-01-22,2024-01-31,J4R0V372SJHS245WSRV
Lead Data Bricks Engineer,Trinity Technology Solutions,"Woodbridge Township, NJ (Onsite)",Contractor,https://www.careerbuilder.com/job/J2P6MN6CRD0NYY27WGC,,On-site,2024-01-22,2024-01-31,J2P6MN6CRD0NYY27WGC
Lead Data Bricks Engineer,Trinity Technology Solutions,"Woodbridge Township, NJ (Onsite)",Contractor,https://www.careerbuilder.com/job/J3P3Y96VYBWRV4FH3GS,,On-site,2024-01-22,2024-01-31,J3P3Y96VYBWRV4FH3GS
Associate Scientist I,Spectraforce Technologies Inc,"North Chicago, IL (Onsite)",Contractor,https://www.careerbuilder.com/job/J2P88X6V72ZLN26W9GS,$25.00 - $26.00/Hour,On-site,2024-01-21,2024-01-31,J2P88X6V72ZLN26W9GS
Research Associate,Spectraforce Technologies Inc,"Westborough, MA (Onsite)",Contractor,https://www.careerbuilder.com/job/JD92KZ5VNLRMBQR56G5,$33.00 - $35.00/Hour,On-site,2024-01-20,2024-01-31,JD92KZ5VNLRMBQR56G5
Scientist II,Spectraforce Technologies Inc,"Ridgefield, CT (Onsite)",Contractor,https://www.careerbuilder.com/job/J2N6D963TWKZDWTNVPY,$38.00 - $40.00/Hour,On-site,2024-01-20,2024-01-31,J2N6D963TWKZDWTNVPY
Assistant Scientist,Yoh,"New Brunswick, NJ (Onsite)",Contractor,https://www.careerbuilder.com/job/J3W3FC69H404466H3RZ,,On-site,2024-01-19,2024-01-31,J3W3FC69H404466H3RZ
Scientist II - Cell/PCR and Sample Prep,Yoh,"Austin, TX (Onsite)",Contractor,https://www.careerbuilder.com/job/J3V3Z26L9479MWGMWFC,$30.00 - $35.00/Hour,On-site,2024-01-19,2024-01-31,J3V3Z26L9479MWGMWFC
Principal Stability Scientist,Yoh,"Devens, MA (Onsite)",Contractor,https://www.careerbuilder.com/job/J3P4HZ73FP9B0NPHV3L,$70.00 - $79.00/Hour,On-site,2024-01-18,2024-01-31,J3P4HZ73FP9B0NPHV3L
Assistant Scientist,Innova Solutions,"Highland Park, NJ (Onsite)",Contractor,https://www.careerbuilder.com/job/J3Q1HP68ZQ112KR8QL2,,On-site,2024-01-19,2024-01-31,J3Q1HP68ZQ112KR8QL2
Stability Scientist,Innova Solutions,"Acton, MA (Onsite)",Contractor,https://www.careerbuilder.com/job/J3R12J6FDRBCV1VZ7YF,,On-site,2024-01-18,2024-01-31,J3R12J6FDRBCV1VZ7YF
Laboratory Technician,Rose International,"Chesterfield, MO (Onsite)",Contractor,https://www.careerbuilder.com/job/JDD3YW5VMDL54SK1P52,$20.50/Hour,On-site,2024-01-18,2024-01-31,JDD3YW5VMDL54SK1P52
Quality Control Lab Tech,Rose International,"Newark, DE (Onsite)",Contractor,https://www.careerbuilder.com/job/JDD66D6MSXKLDWBVF6Y,$27.00 - $30.00/Hour,On-site,2024-01-17,2024-01-31,JDD66D6MSXKLDWBVF6Y
Manufacturing Engineer,Nesco Resource,"Archbald, PA (Onsite)",Contractor,https://www.careerbuilder.com/job/J3R2JD797SVR5C03T53,$43.50/Hour,On-site,2024-01-16,2024-01-31,J3R2JD797SVR5C03T53
"Scientist (I, II, Sr.)",Nesco Resource,"Pleasanton, CA (Onsite)",Contractor,https://www.careerbuilder.com/job/J3M7646HVB2Q76YXWFX,$30.00 - $53.00/Hour,On-site,2024-01-15,2024-01-31,J3M7646HVB2Q76YXWFX
Bioinformatics Scientist,"Pyramid Consulting, Inc","Cambridge, MA (Onsite)",Contractor,https://www.careerbuilder.com/job/J2V3SP6FJPF3WQ05T7K,$65.00 - $75.00/Hour,On-site,2024-01-16,2024-01-31,J2V3SP6FJPF3WQ05T7K
Associate Research Scientist,"Pyramid Consulting, Inc","Brisbane, CA (Onsite)",Contractor,https://www.careerbuilder.com/job/J2V7BN6M1DKW91TQPMQ,$48.00 - $52.45/Hour,On-site,2024-01-16,2024-01-31,J2V7BN6M1DKW91TQPMQ
Research Scientist,Lancesoft Inc.,"Trenton, NJ (Onsite)",Contractor,https://www.careerbuilder.com/job/JCM1B471KHYXKLVT32T,$30.00 - $45.00/Hour,On-site,2024-01-11,2024-01-31,JCM1B471KHYXKLVT32T
Laboratory Technician (Life Sciences),Lancesoft Inc.,"Blair, NE (Onsite)",Contractor,https://www.careerbuilder.com/job/J2R60Y771Y52N7MFH7B,$20.00 - $25.00/Hour,On-site,2024-01-09,2024-01-31,J2R60Y771Y52N7MFH7B
Machine Engineer/ML Engineer III (US - Contract),Lancesoft Inc.,"Chicago, IL (Onsite)",Contractor,https://www.careerbuilder.com/job/J3P3NC6S2Y0CP6B2P4C,,On-site,2024-01-26,2024-01-31,J3P3NC6S2Y0CP6B2P4C
"Project Manager, ELN Systems","Above and Beyond Talent Acquisition, Inc",USA (Remote),Contractor,https://www.careerbuilder.com/job/J3M7WY6SK4D6FGHMLRZ,,Remote,2024-01-10,2024-01-31,J3M7WY6SK4D6FGHMLRZ
"Project Manager, ELN Systems","Above and Beyond Talent Acquisition, Inc","Work From Home, GA (Onsite)",Contractor,https://www.careerbuilder.com/job/J3V1P06J8LTG2VRPV5X,,On-site,2024-01-10,2024-01-31,J3V1P06J8LTG2VRPV5X
Medical Lab Scientist,Cynet Systems Inc.,"Round Rock, TX (Onsite)",Contractor,https://www.careerbuilder.com/job/J2R6Y466W7NXJYSBVQC,,On-site,2024-01-09,2024-01-31,J2R6Y466W7NXJYSBVQC
Biologist,Cynet Systems Inc.,"Mountain View, CA (Onsite)",Contractor,https://www.careerbuilder.com/job/J306XX76V53BKH4P4HV,,On-site,2024-01-05,2024-01-31,J306XX76V53BKH4P4HV
Medical Lab Scientist,Cynet Systems Inc.,"Madison, NJ (Onsite)",Contractor,https://www.careerbuilder.com/job/J2N1RZ71RLH706MZ2PJ,,On-site,2024-01-04,2024-01-31,J2N1RZ71RLH706MZ2PJ
Research Scientist,Lancesoft Inc.,"Trenton, NJ (Onsite)",Contractor,https://www.careerbuilder.com/job/JCM1B471KHYXKLVT32T,$30.00 - $45.00/Hour,On-site,2024-01-10,2024-01-31,JCM1B471KHYXKLVT32T
Wireless Network Engineer,TEKsystems,"Atlanta, GA (Onsite)",Contractor,https://www.careerbuilder.com/job/J3T1S76DBTGWMV8QZF5,,On-site,2024-01-03,2024-01-31,J3T1S76DBTGWMV8QZF5
IP Network Engineer-Nokia And Juniper Experience Required-100% Remote,TEKsystems,"Phoenix, AZ (Remote)",Contractor,https://www.careerbuilder.com/job/J3R70V79GBXZ145WV13,,Remote,2024-01-02,2024-01-31,J3R70V79GBXZ145WV13
Software Engineer,Yoh,"Sunnyvale, CA (Onsite)",Contractor,https://www.careerbuilder.com/job/J3P3TF71HTLWJQBP1D3,$35.00 - $40.00/Hour,On-site,2024-01-31,2024-01-31,J3P3TF71HTLWJQBP1D3
Wireless Network Engineer,Yoh,"Austin, TX (Onsite)",Contractor,https://www.careerbuilder.com/job/J3M2GM6GY0P5V5DQRZQ,,On-site,2024-01-24,2024-01-31,J3M2GM6GY0P5V5DQRZQ
Software Engineer III  Cloud Computing (30203124),Yoh,"Seattle, WA (Onsite)",Contractor,https://www.careerbuilder.com/job/J3S2QV5YCH5R2D6XHMT,$60.00 - $80.00/Hour,On-site,2024-01-24,2024-01-31,J3S2QV5YCH5R2D6XHMT
Machine Operator,Indotronix International Corporation,"Pueblo, CO (Onsite)",Contractor,https://www.careerbuilder.com/job/JDF5005XKLBS32JT7B1,$20.00 - $21.94/Hour,On-site,2024-01-31,2024-01-31,JDF5005XKLBS32JT7B1
Pressure Testing Technician,Indotronix International Corporation,"Rosharon, TX (Onsite)",Contractor,https://www.careerbuilder.com/job/J2P4WT6ZSJ82K11QQT1,$25.00 - $27.00/Hour,On-site,2024-01-10,2024-01-31,J2P4WT6ZSJ82K11QQT1
Transport Engineer,Indotronix International Corporation,"Irving, TX (Hybrid)",Contractor,https://www.careerbuilder.com/job/J2W11J63JBZJ2XX3HQS,$40.00 - $45.00/Hour,Hybrid,2024-01-19,2024-01-31,J2W11J63JBZJ2XX3HQS
R&D Technician,Hired by Matrix,"Valhalla, NY (Onsite)",Contractor,https://www.careerbuilder.com/job/J3R1FD70ZG0RS33ZDFX,$25.00 - $28.00/Hour,On-site,2024-01-31,2024-01-31,J3R1FD70ZG0RS33ZDFX
Validation Engineer - (Biotech/Biomedical),Nesco Resource,"Pompano Beach, FL (Onsite)",Contractor,https://www.careerbuilder.com/job/J3V6PY6SXJFH6FP9P6Y,$45.00/Hour,On-site,2024-01-31,2024-01-31,J3V6PY6SXJFH6FP9P6Y
Design Engineer - Creo/Windchill,Nesco Resource,"Grand Prairie, TX (Onsite)",Contractor,https://www.careerbuilder.com/job/J3S8G25YZZZ2CXGKJDB,$84.52/Hour,On-site,2024-01-31,2024-01-31,J3S8G25YZZZ2CXGKJDB
Quality Engineer,Nesco Resource,"Los Angeles, CA (Onsite)",Contractor,https://www.careerbuilder.com/job/J3M61H6L8YKNFFJ8K66,$33.00 - $44.00/Hour,On-site,2024-01-30,2024-01-31,J3M61H6L8YKNFFJ8K66
QA (Automation),Kforce Technology,"New York, NY (Hybrid)",Contractor,https://www.careerbuilder.com/job/J3M2NM701YM8MKSJ8YL,$40.00 - $42.00/Hour,Hybrid,2024-01-31,2024-01-31,J3M2NM701YM8MKSJ8YL
Data Center Technical Operations Engineer I,Kforce Technology,"Plain City, OH (Onsite)",Contractor,https://www.careerbuilder.com/job/J3T6FC6NM3S34RYFHZR,$25.00 - $31.00/Hour,On-site,2024-01-31,2024-01-31,J3T6FC6NM3S34RYFHZR
Senior Software Engineers,Kforce Technology,"Work From Home, FL (Remote)",Contractor,https://www.careerbuilder.com/job/J3M51G76H9B4GVH6B6Z,$68.00 - $90.00/Hour,Remote,2024-01-31,2024-01-31,J3M51G76H9B4GVH6B6Z
Golang Engineer (Contract),Vaco Technology,"Phoenix, AZ (Onsite)",Contractor,https://www.careerbuilder.com/job/J3R8385YG48KWG5SYMK,$60.00 - $65.00/Hour,On-site,2024-01-31,2024-01-31,J3R8385YG48KWG5SYMK
Nashville SQL Data Engineer,Vaco Technology,"Brentwood, TN (Onsite)",Contractor,https://www.careerbuilder.com/job/J3Q39775CD54H2VMXWH,$50.00 - $70.00/Hour,On-site,2024-01-30,2024-01-31,J3Q39775CD54H2VMXWH
Data Engineer | PowerBI Eng,Vaco Technology,"Charlotte, NC (Onsite)",Contractor,https://www.careerbuilder.com/job/J3S0916SZS8Y86Z1L59,"$115,000 - $130,000/Year",On-site,2024-01-21,2024-01-31,J3S0916SZS8Y86Z1L59
Quality Engineer,JobsRUs.com,"Simi Valley, CA (Onsite)",Contractor,https://www.careerbuilder.com/job/J3R3QB6K0FQ9QR2LVHL,,On-site,2024-01-31,2024-01-31,J3R3QB6K0FQ9QR2LVHL
Quality Technician,JobsRUs.com,"Simi Valley, CA (Onsite)",Contractor,https://www.careerbuilder.com/job/J3P6VY77JP9S8TT8NDZ,,On-site,2024-01-25,2024-01-31,J3P6VY77JP9S8TT8NDZ
Quality - Investigator - Quality Assurance (Mid Level),Sunrise System Inc,"Westborough, MA (Onsite)",Contractor,https://www.careerbuilder.com/job/JD66G6656YH5RYSH34Z,,On-site,2024-01-30,2024-01-31,JD66G6656YH5RYSH34Z
Senior Data Protection Engineer,Sunrise System Inc,USA (Remote),Contractor,https://www.careerbuilder.com/job/J2P3626Z8C0WJ88GJMN,,Remote,2024-01-30,2024-01-31,J2P3626Z8C0WJ88GJMN
Security Engineer 4,ConsultNet,"Rockville, MD (Onsite)",Contractor,https://www.careerbuilder.com/job/J3W1QT6MFBV3KF2BQ13,,On-site,2024-01-30,2024-01-31,J3W1QT6MFBV3KF2BQ13
Sr Cloud Security Engineer,ConsultNet,"Rockville, MD (Onsite)",Contractor,https://www.careerbuilder.com/job/J3M7GH5ZZG9XSK7C1DN,,On-site,2024-01-30,2024-01-31,J3M7GH5ZZG9XSK7C1DN
Big Data Engineer,ConsultNet,"Annandale, VA (Onsite)",Contractor,https://www.careerbuilder.com/job/J3Q7VN78HWQD9TC9W40,$0.00 - $70.00/Hour,On-site,2024-01-30,2024-01-31,J3Q7VN78HWQD9TC9W40
Branch Network & Voice Engineer,Rose International,"Birmingham, AL (Onsite)",Contractor,https://www.careerbuilder.com/job/J2N87Z635KJ6JTGF1C8,$60.00 - $78.00/Hour,On-site,2024-01-30,2024-01-31,J2N87Z635KJ6JTGF1C8
Weld Manufacturing Engineer,Rose International,"Waterloo, IA (Onsite)",Contractor,https://www.careerbuilder.com/job/J2Y64P6148SHBSNS0QX,$50.00 - $57.43/Hour,On-site,2024-01-23,2024-01-31,J2Y64P6148SHBSNS0QX
Engineering Technician,Stefanini,"Round Lake, IL (Onsite)",Contractor,https://www.careerbuilder.com/job/J3T1NP6DC9XM4CY04KV,$20.00 - $23.00/Hour,On-site,2024-01-30,2024-01-31,J3T1NP6DC9XM4CY04KV
Automation Test Engineer,Stefanini,"San Francisco, CA (Onsite)",Contractor,https://www.careerbuilder.com/job/J3N7606X60Y2YMBDR1M,$65.00 - $71.00/Hour,On-site,2024-01-30,2024-01-31,J3N7606X60Y2YMBDR1M
Data Engineer,Stefanini,"Richmond, VA (Onsite)",Contractor,https://www.careerbuilder.com/job/J3S3ZS6CNBCRGXS297L,$55.00 - $61.00/Hour,On-site,2024-01-29,2024-01-31,J3S3ZS6CNBCRGXS297L
Hybrid Technology Operations Engineer 29561,Solving IT,"Chicago, IL (Hybrid)",Contractor,https://www.careerbuilder.com/job/J3T1T46S29Z34BSXY06,,Hybrid,2024-01-14,2024-01-31,J3T1T46S29Z34BSXY06
Remote Senior UX Designer 28929,Solving IT,"Chicago, IL (Remote)",Contractor,https://www.careerbuilder.com/job/J3Q2K16MHS3339FFF7Y,,Remote,2024-01-14,2024-01-31,J3Q2K16MHS3339FFF7Y
Manufacturing Engineer (Production),"Software Galaxy Systems, LLC",Hillsboro OR (Onsite),Contractor,https://www.careerbuilder.com/job/J2N60F5ZTDK3QSVYXCY,$50.00 - $52.00/Hour,On-site,2024-01-10,2024-01-31,J2N60F5ZTDK3QSVYXCY
Cloud Architect,Fidelity TalentSource LLC,"Westlake, TX (Onsite)",Contractor,https://www.careerbuilder.com/job/J3W4PS5WC0Z9ZHWQ5F5,,On-site,2024-01-29,2024-01-31,J3W4PS5WC0Z9ZHWQ5F5
Sr. Java Software Engineer,Fidelity TalentSource LLC,"Research Triangle Park, NC (Onsite)",Contractor,https://www.careerbuilder.com/job/J3V2XQ6SY5XTG5479H1,,On-site,2024-01-29,2024-01-31,J3V2XQ6SY5XTG5479H1
Software Engineer,Fidelity TalentSource LLC,"New York, NY (Onsite)",Contractor,https://www.careerbuilder.com/job/J3S2TZ67K4VX64V9WW7,,On-site,2024-01-29,2024-01-31,J3S2TZ67K4VX64V9WW7
EDI Engineer,"TalentBurst, Inc.","Woodland Hills, CA (Onsite)",Contractor,https://www.careerbuilder.com/job/J3Q2J85XSF1H68K2RTX,$55.00 - $58.00/Hour,On-site,2024-01-29,2024-01-31,J3Q2J85XSF1H68K2RTX
Senior Manufacturing Engineer,"TalentBurst, Inc.","Irvine, CA (Onsite)",Contractor,https://www.careerbuilder.com/job/J3N0F96QSX7MXY1GL9M,$40.00 - $60.00/Hour,On-site,2024-01-25,2024-01-31,J3N0F96QSX7MXY1GL9M
R&D Engineer II,"TalentBurst, Inc.","Santa Ana, CA (Onsite)",Contractor,https://www.careerbuilder.com/job/J3V6617386GNWF370Q3,$40.00 - $48.00/Hour,On-site,2024-01-23,2024-01-31,J3V6617386GNWF370Q3
Data Platform Engineer,Genesis10,"Warren, NJ (Onsite)",Contractor,https://www.careerbuilder.com/job/J3S2BM6BNSQPGQN658F,,On-site,2024-01-29,2024-01-31,J3S2BM6BNSQPGQN658F
Tier III O&M Network Engineer,Innova Solutions,"Chantilly, VA (Onsite)",Contractor,https://www.careerbuilder.com/job/J3S20G60SQW3PMR2Z76,$78.00 - $88.00/Hour,On-site,2024-01-19,2024-01-31,J3S20G60SQW3PMR2Z76
Sr Software Engineer-CAE USA,Innova Solutions,"Arlington, TX (Onsite)",Contractor,https://www.careerbuilder.com/job/J3R2B46P64JR5Y50SYP,,On-site,2024-01-03,2024-01-31,J3R2B46P64JR5Y50SYP
Senior Quality Engineer (DOD Project),Johnson Service Group,"Ogden, UT (Onsite)",Contractor,https://www.careerbuilder.com/job/J2V41G6V9B869N9CNN8,$80.00 - $85.00/Hour,On-site,2024-01-27,2024-01-31,J2V41G6V9B869N9CNN8
Senior Electrical Engineer (DOD Project),Johnson Service Group,"Ogden, UT (Onsite)",Contractor,https://www.careerbuilder.com/job/JCL114767457ZFKNRBS,$80.00 - $85.00/Hour,On-site,2024-01-22,2024-01-31,JCL114767457ZFKNRBS
Senior Systems Engineer (PE) (DOD Project Site),Johnson Service Group,"Ogden, UT (Onsite)",Contractor,https://www.careerbuilder.com/job/JCM6CH6BXC4PJH8TRMX,$80.00 - $85.00/Hour,On-site,2024-01-20,2024-01-31,JCM6CH6BXC4PJH8TRMX
"Sr. Software Engineer / Robotics (C++, Python, PyQt)",Pioneer Data Systems Inc,"Redwood City, CA (Onsite)",Contractor,https://www.careerbuilder.com/job/JD75JF78W9ZTJWYD9WD,,On-site,2024-01-26,2024-01-31,JD75JF78W9ZTJWYD9WD
Validation Engineer I / Pharma Industry,Pioneer Data Systems Inc,"Davie, FL (Onsite)",Contractor,https://www.careerbuilder.com/job/J2N3L06N2HF3WJ0S9CB,,On-site,2024-01-12,2024-01-31,J2N3L06N2HF3WJ0S9CB
"Sr. Software Engineer / Robotics (C++, Python, PyQt)",Pioneer Data Systems Inc,"Redwood City, CA (Onsite)",Contractor,https://www.careerbuilder.com/job/J3S8GB71DS1S50SBV8D,,On-site,2024-01-27,2024-01-31,J3S8GB71DS1S50SBV8D
Circuit Card Design Engineer,Butler Aerospace and Defense,"Grand Prairie, TX (Onsite)",Contractor,https://www.careerbuilder.com/job/J3Q8FM6JQW2C514ZR8P,,On-site,2024-01-26,2024-01-31,J3Q8FM6JQW2C514ZR8P
Reliability Engineer,Butler Aerospace and Defense,"Grand Prairie, TX (Onsite)",Contractor,https://www.careerbuilder.com/job/J3P4MY68CZJ8PQNH171,,On-site,2024-01-25,2024-01-31,J3P4MY68CZJ8PQNH171
Mechanical Design Engineer,Butler Aerospace and Defense,"Mukilteo, WA (Onsite)",Contractor,https://www.careerbuilder.com/job/J3V04Z6WBW1MDVVZSRW,,On-site,2024-01-18,2024-01-31,J3V04Z6WBW1MDVVZSRW
Technology consultant,Innova Solutions,"San Francisco, CA (Remote)",Contractor,https://www.careerbuilder.com/job/J3R18C79CP3LTF1NYBB,$61.00 - $70.00/Hour,Remote,2024-01-30,2024-01-31,J3R18C79CP3LTF1NYBB
Manager of Accounts Receivable Analysis,"TalentBurst, Inc.","Philadelphia, PA (Onsite)",Contractor,https://www.careerbuilder.com/job/J3Q04Y6S5RPW9D2CK73,$35.00 - $40.00/Hour,On-site,2024-01-02,2024-01-31,J3Q04Y6S5RPW9D2CK73
Senior Cloud Engineer,Genesis10,"Franklin, WI (Onsite)",Contractor,https://www.careerbuilder.com/job/J3N0TR5YBGNRD2PD6RS,,On-site,2024-01-23,2024-01-31,J3N0TR5YBGNRD2PD6RS
Royalty Analyst,Yoh,"San Mateo, CA (Onsite)",Contractor,https://www.careerbuilder.com/job/J3Q4JV6Z861XMDVXRFX,,On-site,2024-01-19,2024-01-31,J3Q4JV6Z861XMDVXRFX
Quality Assurance Analyst,TALENT Software Services,"Saint Paul, MN (Onsite)",Contractor,https://www.careerbuilder.com/job/J3S70Q626F8F1P1TJ7T,$55.00 - $60.00/Hour,On-site,2024-01-24,2024-01-31,J3S70Q626F8F1P1TJ7T
Quality Assurance Analyst,TALENT Software Services,"Saint Paul, MN (Onsite)",Contractor,https://www.careerbuilder.com/job/J3S1GL761NV5D1PJ0S8,$60.00 - $65.00/Hour,On-site,2024-01-12,2024-01-31,J3S1GL761NV5D1PJ0S8
Business Analyst,TALENT Software Services,"Saint Paul, MN (Onsite)",Contractor,https://www.careerbuilder.com/job/J3S29L6W6L43XQ77X96,$55.00 - $65.00/Hour,On-site,2024-01-12,2024-01-31,J3S29L6W6L43XQ77X96
