Job_id,Job title,Job posting date,Job posting url,Job location,Pay rate,Vendor company name,Job type,Work from availability,Work type(remote/on-site),Modified Date,Current date time,Job Title
4b65fd2e2aa75bbfde534dc48811fc36,Data Analyst,2024-01-31T14:01:35Z,https://www.dice.com/job-detail/aa89fe7c-80dd-4dab-8bdd-617268bdeb6a,"Des Plaines, IL, USA",$25 - $35,Mindlance,Contract,FALSE,Hybrid/Onsite,2024-01-31T14:01:35Z,2024-01-31T23:58:35Z,Data Analyst
0354b73731c5d639f2c0137edd883043,Data analyst,2024-01-31T14:10:25Z,https://www.dice.com/job-detail/78d49408-5bb9-4083-84e9-78cbe82f2877,"Dallas, TX, USA",Depends on Experience,Raas Infotek LLC,Contract,FALSE,Remote,2024-01-31T14:10:25Z,2024-01-31T23:58:35Z,Data Analyst
ed2be378f278ee30ced18fbcd9f13d57,Technical Data Analyst,2024-01-31T14:05:16Z,https://www.dice.com/job-detail/eedd69bd-288b-416b-a3b1-72f7a585b852,"McLean, VA, USA",$60 - $70,Tekfortune Inc.,"Contract, Third Party",FALSE,Hybrid/Onsite,2024-01-31T14:05:16Z,2024-01-31T23:58:35Z,Data Analyst
3069d1672aa5e8a57cc1b7b61993bd48,Data Engineer / Data Analyst,2024-01-31T15:15:57Z,https://www.dice.com/job-detail/b692c02e-f117-404f-b40c-d2fb5d71124e,"Irving, TX, USA",$DOE,Techgene Solutions LLC,"Full-time, Contract",FALSE,Hybrid/Onsite,2024-01-31T17:45:55Z,2024-01-31T23:58:35Z,Data Analyst
71de162ffefe704793d53c812d2cc24e,ETL Data Analyst,2024-01-31T14:14:26Z,https://www.dice.com/job-detail/7936b3e9-19f0-48f2-baa1-25f9b981c800,"Philadelphia, PA, USA",$50 - $60,Inabia Software & Consulting Inc.,Contract,FALSE,Hybrid/Onsite,2024-01-31T14:14:26Z,2024-01-31T23:58:35Z,Data Analyst
addea19d1d7f9c833f67b2bbeac2551f,Michael Page- Data Analyst/Finance Applications Support,2024-01-31T00:11:10Z,https://www.dice.com/job-detail/1ee4af8c-f38b-443f-a219-faea60b9ccd7,"New York, NY, USA",$35 - $50 per hour,Michael Page International,Contract,FALSE,Hybrid/Onsite,2024-01-31T16:11:39Z,2024-01-31T23:58:35Z,Data Analyst
902a1ffdf27956b481f508641a2193be,Data Analyst,2024-01-31T18:01:08Z,https://www.dice.com/job-detail/5b63ed47-a010-4523-afcd-f47c5823ba38,"McLean, VA, USA",,Palnar,"Contract, Third Party",FALSE,Hybrid/Onsite,2024-01-31T18:01:08Z,2024-01-31T23:58:35Z,Data Analyst
8b4876ab778c9036c96c6b8533d34a78,Senior Data Analyst,2024-01-30T22:33:26Z,https://www.dice.com/job-detail/b7da8cee-1f3a-42ca-84c1-7d579c2b4f02,"Owings Mills, MD, USA",$60 - $70,Tek Inspirations LLC,"Contract, Third Party",FALSE,Hybrid/Onsite,2024-01-30T22:33:26Z,2024-01-31T23:58:35Z,Data Analyst
f7996c06972b3a12139f511ab9466231,"Data Analyst- Boston, MA(day 1 onsite)",2024-01-31T17:46:06Z,https://www.dice.com/job-detail/b0684cd2-7db3-4f5a-a89f-04c5e9f766fe,"Boston, MA, USA",,Amtex System Inc.,Contract,FALSE,Hybrid/Onsite,2024-01-31T17:46:06Z,2024-01-31T23:58:35Z,Data Analyst
b8dedf2b22dcc3a7094b9b3b5b822949,Production Support Data Analyst,2024-01-31T13:43:51Z,https://www.dice.com/job-detail/7b12249d-50c2-4e68-9afb-c3aa252e6e8d,"Boston, MA, USA",$45 - $55,NR Consulting LLC,Contract,FALSE,Hybrid/Onsite,2024-01-31T13:43:51Z,2024-01-31T23:58:35Z,Data Analyst
486eb1f728f36bc3d4d95eaff3a9cfa2,Data Analyst/Financial Application Support,2024-01-31T13:56:38Z,https://www.dice.com/job-detail/715f06cd-69cb-4a78-8d35-b73f890fad71,"New York, NY, USA",Depends on Experience,EmployVision,Contract,FALSE,Hybrid/Onsite,2024-01-31T13:56:38Z,2024-01-31T23:58:35Z,Data Analyst
5c621480e2805f91dd08015d7768eee7,"SAS Data Analyst Specialist @ McLean , VA",2024-01-31T13:47:17Z,https://www.dice.com/job-detail/5a1f93b0-28f9-46dc-b2e4-ea4ae78fe0be,"McLean, VA, USA",Depends on Experience,"eSolutionsFirst, LLC",Contract,FALSE,Hybrid/Onsite,2024-01-31T13:54:48Z,2024-01-31T23:58:35Z,Data Analyst
238e9d187ccccd9809a3fa29425e4669,Data Conversion Analyst,2024-01-31T17:57:38Z,https://www.dice.com/job-detail/5dba5455-b66f-4777-841c-af3f582a96db,"Fremont, CA, USA",Depends on Experience,Arthur Lawrence,Contract,FALSE,Hybrid/Onsite,2024-01-31T17:57:38Z,2024-01-31T23:58:35Z,Data Analyst
a3e3e82a5c1eda2f758fd8730425c64a,Data Integration Engineer/Analyst,2024-01-31T14:06:07Z,https://www.dice.com/job-detail/b6285fbb-3258-4b36-84f8-78805a0067ad,"Columbus, OH, USA",BASED ON EXPERIENCE,"Tanisha Systems, Inc.","Full-time, Contract",TRUE,Hybrid/Onsite,2024-01-31T18:06:29Z,2024-01-31T23:58:35Z,Data Analyst
9a579bf3a09f0abb2aaabbfbb8b18b15,Lead Data Scientist Analyst,2024-01-31T15:03:50Z,https://www.dice.com/job-detail/8124eace-2b46-4086-b820-9071f78912d7,"Vienna, VA, USA",BASED ON EXPERIENCE,INSPYR Solutions,Contract,TRUE,Remote,2024-01-31T18:01:55Z,2024-01-31T23:58:35Z,Data Analyst
44baac9a4f5a93f4d207af945e003a31,Data Integration Engineer/Analyst,2024-01-31T13:57:44Z,https://www.dice.com/job-detail/e0e81a89-a203-4ff0-9a94-cacbd785ceca,"Columbus, OH, USA",Depends on Experience,K-Tek Resourcing LLC,"Third Party, Contract",FALSE,Hybrid/Onsite,2024-01-31T13:57:44Z,2024-01-31T23:58:35Z,Data Analyst
d5cc7fc3bbd6f10b3b34a3c6e0689750,ERP Data Services Analyst II,2024-01-31T17:54:37Z,https://www.dice.com/job-detail/d2b14114-9e86-4307-aee7-a73fd0f73116,"Anchorage, AK, USA",Depends on Experience,OakTree Staffing Services,Contract,FALSE,Hybrid/Onsite,2024-01-31T17:54:37Z,2024-01-31T23:58:35Z,Data Analyst
83482e915e4d6f7df55307d30b1c5682,Data Analyst,2024-01-30T20:12:24Z,https://www.dice.com/job-detail/ce62b752-99b5-43da-9dce-d839a08731fc,"Chapel Hill, NC, USA",,Dexian DISYS,Contract,FALSE,Hybrid/Onsite,2024-01-31T16:13:08Z,2024-01-31T23:58:35Z,Data Analyst
3b6ba7233964c6c6839d95758311b54b,Data Analyst,2024-01-30T20:06:43Z,https://www.dice.com/job-detail/90c9534c-8173-4ca1-b6aa-add86dfaf622,"Des Plaines, IL, USA",BASED ON EXPERIENCE,The Fountain Group,"Full-time, Contract",FALSE,Hybrid/Onsite,2024-01-31T18:06:46Z,2024-01-31T23:58:35Z,Data Analyst
d75df056a65da8c92142fb22408a8c6b,Data Analyst,2024-01-30T17:31:02Z,https://www.dice.com/job-detail/84a85c85-ad5e-4904-8a91-876d2f41b2bc,"Minneapolis, MN, USA",$$45/hr,Aspired Solutions INC,Contract,FALSE,Hybrid/Onsite,2024-01-30T20:15:23Z,2024-01-31T23:58:35Z,Data Analyst
91dd6014e427c3e0918f232d20b64943,Data Analyst/Finance Applications Support,2024-01-30T17:51:05Z,https://www.dice.com/job-detail/827eea40-c5f0-4989-b0c2-41b711c9cc2b,"New York, NY, USA",Depends on Experience,Alliance Sourcing Network,"Third Party, Contract",FALSE,Hybrid/Onsite,2024-01-30T17:51:49Z,2024-01-31T23:58:35Z,Data Analyst
3c72e95961e1ee6f0b5b96e1010b8968,Business Data  Analyst-Excel and Access exp needed,2024-01-29T22:07:54Z,https://www.dice.com/job-detail/cf6d2536-e6a2-4b80-8233-e106a5b0b3f6,"Plano, TX, USA",Depends on Experience,Marlabs LLC,Contract,FALSE,Hybrid/Onsite,2024-01-31T17:55:23Z,2024-01-31T23:58:35Z,Data Analyst
4ad075e0687b0ac8b84a599d447a8ddd,"Data Analyst - Finance Reconciliation - Minneapolis, MN or Charlotte, NC",2024-01-30T14:23:45Z,https://www.dice.com/job-detail/fedf7f64-567a-43f1-9f7b-61eee1dd89e4,"Charlotte, NC, USA",$40 - $45,Amtex Enterprises,Contract,FALSE,Hybrid/Onsite,2024-01-30T14:23:45Z,2024-01-31T23:58:35Z,Data Analyst
bfecc1ba51c3fbdc76733b80e2b39318,"Data Migration Analyst - Chesterfield, VA (Hybrid) - F2f Interview",2024-01-30T16:15:29Z,https://www.dice.com/job-detail/5578679f-cb0a-460c-a1e7-452d4b65bd1d,"Richmond, VA, USA",$50+,"Vector Consulting, Inc","Third Party, Contract",FALSE,Hybrid/Onsite,2024-01-30T16:15:29Z,2024-01-31T23:58:35Z,Data Analyst
c00b310e32f399916b762a5fdaeb4780,Data Analyst (Fully Remote),2024-01-30T20:01:44Z,https://www.dice.com/job-detail/3a4718cb-bffd-4e04-9d1a-d613f54a74d8,"Minneapolis, MN, USA",BASED ON EXPERIENCE,INSPYR Solutions,Contract,TRUE,Remote,2024-01-31T18:01:49Z,2024-01-31T23:58:35Z,Data Analyst
e80f8ff76fb7fecbca646082e7064fad,Lead Data Analyst,2024-01-30T14:58:31Z,https://www.dice.com/job-detail/f1595034-a35d-4930-9e41-18a3b4797cd2,"McLean, VA, USA",Depends on Experience,Tekfortune Inc.,Contract,FALSE,Hybrid/Onsite,2024-01-31T15:08:07Z,2024-01-31T23:58:35Z,Data Analyst
bdb5b43c24356601b79c2d93697010c9,Data Ops Analyst,2024-01-30T16:11:41Z,https://www.dice.com/job-detail/18961c3c-3699-405d-930d-6c1f37641ec5,"Chicago, IL, USA",$44 - $45 per hour,LaSalle Network,Contract,FALSE,Hybrid/Onsite,2024-01-31T16:12:39Z,2024-01-31T23:58:35Z,Data Analyst
8f8fcf49215698bd28ee05eeef4cde0a,"Data Analyst - Minneapolis, MN or Charlotte, NC",2024-01-30T05:41:45Z,https://www.dice.com/job-detail/877607e9-2929-4a02-9659-275a96bf3bf1,"Charlotte, NC, USA",Depends on Experience,Techmatic Inc,Contract,FALSE,Hybrid/Onsite,2024-01-30T05:41:45Z,2024-01-31T23:58:35Z,Data Analyst
f90c85f24f3ff14d35796feb3813260c,Power BI Data Analyst,2024-01-30T16:26:43Z,https://www.dice.com/job-detail/a88bf58a-9715-4cec-a775-f5e378867d83,"Austin, TX, USA",Depends on Experience,HireBlazer,Contract,FALSE,Hybrid/Onsite,2024-01-31T14:23:54Z,2024-01-31T23:58:35Z,Data Analyst
38cdd509c5d6c118b1f613422c020c91,Financial Data Analyst,2024-01-26T19:25:18Z,https://www.dice.com/job-detail/deafc052-8a1f-48f4-8313-ee7b0fca6a98,"Armonk, NY, USA",Depends on Experience,Info Origin Inc.,Contract,FALSE,Hybrid/Onsite,2024-01-26T19:25:18Z,2024-01-31T23:58:35Z,Data Analyst
ca5a7bc96dfcf0f2dc32ae38c49a7001,Data Analyst,2024-01-26T21:14:25Z,https://www.dice.com/job-detail/5b77e234-33a2-4004-8d05-042e324c8a75,"Phoenix, AZ, USA","$60,000 - $70,000",AaraTechnologies Inc,Contract,FALSE,Hybrid/Onsite,2024-01-26T21:14:25Z,2024-01-31T23:58:35Z,Data Analyst
f37fae945daf62e6b1d533489294048a,Data Analyst JT4JY,2024-01-26T15:08:49Z,https://www.dice.com/job-detail/cfbb0204-f32b-47b3-b7c4-00443ed6d0c5,"Houston, TX, USA",BASED ON EXPERIENCE,iSphere,Contract,FALSE,Hybrid/Onsite,2024-01-31T18:07:34Z,2024-01-31T23:58:35Z,Data Analyst
577bd3b8d41399f00c302e1146d8afe4,Data Analyst,2024-01-26T21:07:47Z,https://www.dice.com/job-detail/d40b812e-e4a6-4631-93ba-d1943b90ac9e,"Denver, CO, USA","$60,000 - $70,000",AaraTechnologies Inc,Contract,FALSE,Hybrid/Onsite,2024-01-26T21:07:47Z,2024-01-31T23:58:35Z,Data Analyst
7886a03a2d67902629e5f7fc80db67d5,Data Analyst- Should have supported Sales,2024-01-26T14:05:56Z,https://www.dice.com/job-detail/8a2aa52d-d81d-4899-b56c-139584ca824c,"Ridgefield Park, NJ, USA",Depends on Experience,Marlabs LLC,Contract,FALSE,Hybrid/Onsite,2024-01-31T17:55:23Z,2024-01-31T23:58:35Z,Data Analyst
36d8c0a0a4cb4ebc327351f1b8c3b3f5,Data Analyst - Defined Benefits,2024-01-29T21:48:27Z,https://www.dice.com/job-detail/bbc5515d-c625-4934-a022-078514cfd168,"Durham, NC, USA",Depends on Experience,SPECTRAFORCE TECHNOLOGIES Inc.,Contract,FALSE,Hybrid/Onsite,2024-01-29T21:48:27Z,2024-01-31T23:58:35Z,Data Analyst
877cc6d4dc48621077194fc4295f4697,Data Analyst,2024-01-26T21:10:40Z,https://www.dice.com/job-detail/972e8a2d-ad2a-4c5c-84dc-cf2234e314cb,"Richmond, VA, USA","$60,000 - $70,000",AaraTechnologies Inc,Contract,FALSE,Hybrid/Onsite,2024-01-26T21:10:40Z,2024-01-31T23:58:35Z,Data Analyst
0d881eceb6abcba1c0a0222121b9f5ac,Data Analyst,2024-01-22T17:32:56Z,https://www.dice.com/job-detail/41623df2-d7a6-40e5-98f7-d90a0f4ac508,"Madison, WI, USA",$50 - $60 hourly,Kforce Technology Staffing,Contract,FALSE,Hybrid/Onsite,2024-01-31T17:37:32Z,2024-01-31T23:58:35Z,Data Analyst
342738dc6b99f1bb07ffe6aa15aedd74,Sr Data Analyst (Onsite),2024-01-25T21:53:28Z,https://www.dice.com/job-detail/ba333032-6f37-46cf-abd0-a21c34015ee8,"Wesleyville, PA, USA",Depends on Experience,Valcan IT Inc,Contract,FALSE,Hybrid/Onsite,2024-01-25T21:54:12Z,2024-01-31T23:58:35Z,Data Analyst
81886ee028286bbf9c16b6017e2bc022,Senior Data Analyst,2024-01-30T14:53:48Z,https://www.dice.com/job-detail/34d61037-ed6a-4f6f-9827-5e97d895eda2,"Brooklyn, NY, USA",$60 - $70,"Avenues International, Inc.",Contract,FALSE,Hybrid/Onsite,2024-01-30T14:53:48Z,2024-01-31T23:58:35Z,Data Analyst
9a0b1f9999499548c827b78a48995414,SAP Data Migration Analyst,2024-01-29T15:31:46Z,https://www.dice.com/job-detail/e9f82c28-c5be-4977-8881-0eaacc4d4bdf,"Universal City, CA, USA",$80+,Shrive Technologies LLC,Contract,FALSE,Hybrid/Onsite,2024-01-29T15:31:46Z,2024-01-31T23:58:35Z,Data Analyst
b9caa7e5799cbe583b01de68cecae72f,Oracle Data Analyst,2024-01-23T22:15:28Z,https://www.dice.com/job-detail/2385433d-fc40-4b11-8883-a4e0001521f6,"New York, NY, USA",$DOE,Innovee Consulting LLC,Contract,FALSE,Hybrid/Onsite,2024-01-31T13:45:33Z,2024-01-31T23:58:35Z,Data Analyst
a1de0d2445ddbadab929070b4d03419f,Need Lead Data Analyst with Mongo DB/NoSQL Exp,2024-01-09T23:21:27Z,https://www.dice.com/job-detail/ff34d4f9-df47-4a38-ac8b-c5a9453d9c2e,"McLean, VA, USA",$60 - $70,"Svam International, Inc.","Contract, Third Party",FALSE,Hybrid/Onsite,2024-01-30T15:52:26Z,2024-01-31T23:58:35Z,Data Analyst
83a1b004ec3022c801c575b1d3070fbd,Data Analyst,2024-01-05T16:40:58Z,https://www.dice.com/job-detail/e5857031-7531-49fe-8748-e0114e536647,"Richland, WA, USA",$50 - $80,CPS Comtech,Contract,FALSE,Hybrid/Onsite,2024-01-30T16:49:24Z,2024-01-31T23:58:35Z,Data Analyst
2837481cbc9de0185eea77030783a621,Data Analyst,2024-01-29T18:45:10Z,https://www.dice.com/job-detail/fa81d71b-0c3e-43df-91ab-c6e57d060d18,"Richmond, VA, USA",$45 - $50,"Pyramid Consulting, Inc.",Contract,FALSE,Hybrid/Onsite,2024-01-30T16:07:43Z,2024-01-31T23:58:35Z,Data Analyst
91b3a9d595674ff20b145c6ddc87203b,Sr. Principal Data Analyst,2024-01-29T22:07:16Z,https://www.dice.com/job-detail/7731d0f4-31ef-44ca-95a1-fd2167eb6a7f,"Lansing, MI, USA",USD65 - USD81,Randstad Digital,Contract,FALSE,Hybrid/Onsite,2024-01-31T16:08:10Z,2024-01-31T23:58:35Z,Data Analyst
d45d07f917cbfff513f3f53ff461398c,Business/Data Analyst with PL/SQL & Informatica exp(Only W2),2024-01-06T00:08:31Z,https://www.dice.com/job-detail/71df5a9a-c40a-4496-a4fc-474a55a81291,"Chicago, IL, USA",Compensation information provided in the description,BCforward,Contract,FALSE,Hybrid/Onsite,2024-01-31T16:13:45Z,2024-01-31T23:58:35Z,Data Analyst
f277cfab18b1c4908c2854c0c3c505ca,Data Analyst/Report Writer - $77 CTC - ONSITE,2024-01-25T21:48:45Z,https://www.dice.com/job-detail/a9516574-434c-4223-89a2-349391c1e79d,"Austin, TX, USA",Depends on Experience,"Chandra Technologies,  Inc.",Contract,FALSE,Hybrid/Onsite,2024-01-25T21:48:45Z,2024-01-31T23:58:35Z,Data Analyst
fa30a614d1538f9cf5904a7eca9c2cac,Data Analyst,2024-01-26T21:16:20Z,https://www.dice.com/job-detail/12b39f44-2a4b-413a-a246-6ee78afccc43,"Raleigh, NC, USA","$60,000 - $70,000",AaraTechnologies Inc,Contract,FALSE,Hybrid/Onsite,2024-01-26T21:16:20Z,2024-01-31T23:58:35Z,Data Analyst
384d85fae27259068824a82fc9cb34e8,Business Analyst/Data Analyst,2024-01-25T22:15:45Z,https://www.dice.com/job-detail/a062eea8-14f7-45ed-a4c1-86d313b55d15,"Montgomery, AL, USA",,TechNix LLC,Contract,FALSE,Hybrid/Onsite,2024-01-31T17:01:26Z,2024-01-31T23:58:35Z,Data Analyst
8573746789d685b461ab542810d782e2,Business Systems Analyst/Data Analyst,2024-01-11T22:01:20Z,https://www.dice.com/job-detail/ea4d3b08-4e10-43b0-9568-e270ccb503fc,"Philadelphia, PA, USA",Depends on Experience,"InSource, Inc.",Contract,FALSE,Hybrid/Onsite,2024-01-26T01:19:26Z,2024-01-31T23:58:35Z,Data Analyst
78615675363d1caa5ccdfc6a3179adc3,Financial Data Analyst,2024-01-19T17:32:45Z,https://www.dice.com/job-detail/39d30d4f-2209-47ab-9773-2158fa39eed1,"St. Louis, MO, USA",$40 - $50 hourly,Kforce Technology Staffing,Contract,FALSE,Hybrid/Onsite,2024-01-31T17:37:19Z,2024-01-31T23:58:35Z,Data Analyst
c5d0d73e8aea104abd2ce28f42daac84,Data Analyst,2024-01-26T21:12:32Z,https://www.dice.com/job-detail/dd47473a-3c84-46e3-84ab-212b517dd9cf,"Trenton, NJ, USA","$60,000 - $70,000",AaraTechnologies Inc,"Third Party, Contract",FALSE,Hybrid/Onsite,2024-01-26T21:12:32Z,2024-01-31T23:58:35Z,Data Analyst
63c704db38461bc14d332f8c9673828b,Data Analyst C-Shopper,2024-01-29T17:32:44Z,https://www.dice.com/job-detail/51ca789e-ad97-472a-ba6c-fbf5fc6dd63e,"Irving, TX, USA",$35 - $40 hourly,Kforce Technology Staffing,Contract,FALSE,Hybrid/Onsite,2024-01-31T17:42:01Z,2024-01-31T23:58:35Z,Data Analyst
c47513fddceecadbe41a346200d66825,Project Manager/Data Analyst with Financial,2024-01-29T14:41:06Z,https://www.dice.com/job-detail/ee3448d2-818f-4e16-a5c8-e3dfe3c49275,"Baltimore, MD, USA",$30 - $35,Kellton,Contract,FALSE,Hybrid/Onsite,2024-01-31T14:14:09Z,2024-01-31T23:58:35Z,Data Analyst
7d2655850752f3571b9d2007f82f543a,Data Analyst,2024-01-26T21:06:02Z,https://www.dice.com/job-detail/5ea0fcc7-4645-44d7-8910-c960d58125f1,"Fort Lee, NJ, USA","$60,000 - $70,000",AaraTechnologies Inc,Contract,FALSE,Hybrid/Onsite,2024-01-26T21:06:02Z,2024-01-31T23:58:35Z,Data Analyst
11ba8f3a60ec55abbacc3ae6a170eba5,Data Analyst,2024-01-28T01:03:44Z,https://www.dice.com/job-detail/77dca910-780b-444d-8add-583644ca95ed,"Detroit, MI, USA",USD 35.63 - 41.25 per hour,Robert Half,Contract,FALSE,Hybrid/Onsite,2024-01-31T13:04:18Z,2024-01-31T23:58:35Z,Data Analyst
14e6a5f47d413df831913f960fd00ff9,Data Analyst /Hybrid,2024-01-23T14:21:10Z,https://www.dice.com/job-detail/19d176ab-0b5d-44af-a98e-2e58451356c3,"Cleveland, OH, USA",$40 - $45,"DVI Technologies, Inc.",Contract,FALSE,Hybrid/Onsite,2024-01-25T14:22:34Z,2024-01-31T23:58:35Z,Data Analyst
dad8361bfbbc2bff6327c048fdb6b966,Data Analyst,2024-01-26T21:20:27Z,https://www.dice.com/job-detail/75f510f1-82a5-4015-9655-9360293f6b16,"Cary, NC, USA","$60,000 - $70,000",AaraTechnologies Inc,Contract,FALSE,Hybrid/Onsite,2024-01-26T21:20:27Z,2024-01-31T23:58:35Z,Data Analyst
ef2dc9fb1f526a9407e7ffe2f700772e,Data Analyst ONSITE,2024-01-18T22:15:22Z,https://www.dice.com/job-detail/6e92c29a-e4a8-4aea-9e14-7c076cfb3728,"Richmond, VA, USA",Depends on Experience,nLeague Services,Contract,FALSE,Hybrid/Onsite,2024-01-30T18:52:11Z,2024-01-31T23:58:35Z,Data Analyst
890545be0fa95d875e739c8bff08383f,Data Analyst,2024-01-19T20:58:00Z,https://www.dice.com/job-detail/1d55c111-a828-4a3e-afb1-523f39af0273,"McLean, VA, USA",Depends on Experience,Trident Consulting Inc.,"Contract, Third Party",FALSE,Hybrid/Onsite,2024-01-30T16:03:17Z,2024-01-31T23:58:35Z,Data Analyst
acdb06d697e89d4758a54c625615b5f1,Lead Data Management Analyst,2024-01-23T19:05:58Z,https://www.dice.com/job-detail/87f4b209-d357-4d93-bf8f-791534071ff1,"Charlotte, NC, USA",USD57 - USD62,Randstad Digital,Contract,FALSE,Hybrid/Onsite,2024-01-31T16:05:43Z,2024-01-31T23:58:35Z,Data Analyst
769938aad07c2229680df50bd791932d,Data Analyst - Onsite In New Jersey,2024-01-26T20:06:27Z,https://www.dice.com/job-detail/89c56d01-2396-46ea-b141-266791f5df82,"Woodbridge Township, NJ, USA",,Beacon Hill Staffing Group,"Full-time, Contract",FALSE,Hybrid/Onsite,2024-01-31T16:12:43Z,2024-01-31T23:58:35Z,Data Analyst
18f4b42b3f378ae81fee8e31ba38e182,Data Analyst/Specialist (Local to Texas only),2024-01-25T16:53:35Z,https://www.dice.com/job-detail/dda471ae-be6a-496c-a6f1-75a962df21c3,"Austin, TX, USA",$50 - $60,"Esolvit, Inc.",Contract,FALSE,Hybrid/Onsite,2024-01-25T21:04:00Z,2024-01-31T23:58:35Z,Data Analyst
a49c59b9162e6356891810022c892fc0,Data Analyst?with expert-level Excel - Contract - W2 Only (no C2C) - Remote,2024-01-12T17:03:53Z,https://www.dice.com/job-detail/513c193c-df83-4ac8-b78b-99bb2e3db607,"Chattanooga, TN, USA",BASED ON EXPERIENCE,iTech Solutions,Contract,FALSE,Hybrid/Onsite,2024-01-31T18:04:13Z,2024-01-31T23:58:35Z,Data Analyst
8bc71ff23e35e445cd22a75ed42e3796,Principal Data Analyst/Data Modeler,2024-01-23T21:36:59Z,https://www.dice.com/job-detail/2025fd71-58ba-4d68-9d25-f9fbf2ab8730,"Durham, NC, USA",Market,Mastech Digital,Contract,FALSE,Hybrid/Onsite,2024-01-31T12:37:35Z,2024-01-31T23:58:35Z,Data Analyst
eae8495993b90a5d4c98202bbcdb5167,Data Analyst / Project Manager,2024-01-22T20:08:29Z,https://www.dice.com/job-detail/86acaf07-66bf-4568-9cf5-c36409e4265f,,,Tandym Tech,Contract,FALSE,Hybrid/Onsite,2024-01-31T16:12:19Z,2024-01-31T23:58:35Z,Data Analyst
8bce379543ac4b86068a8df6129b614f,EDG Data Analyst II,2024-01-29T21:20:18Z,https://www.dice.com/job-detail/ee530d79-4acf-49b2-831d-42b5d5451114,"Philadelphia, PA, USA",Depends on Experience,"Partner's Consulting, Inc.",Contract,FALSE,Hybrid/Onsite,2024-01-29T21:20:18Z,2024-01-31T23:58:35Z,Data Analyst
466c0490e8975e23aebc07f8b08c9fe5,BI Techno Functional Data Analyst / W2 Position,2024-01-25T21:00:59Z,https://www.dice.com/job-detail/4be31787-7650-439d-b88b-64ca19e64674,"Wayne, NJ, USA",,Nexwave,"Third Party, Contract",FALSE,Hybrid/Onsite,2024-01-31T15:30:26Z,2024-01-31T23:58:35Z,Data Analyst
627a2d8e00595411b43c39a2cee34955,Data Analyst,2024-01-20T01:04:28Z,https://www.dice.com/job-detail/8bcb11ac-1ab7-4b00-afce-4b41cd70c4d1,"Golden Valley, MN, USA",USD 35.00 - 45.00 per hour,Robert Half,Contract,FALSE,Hybrid/Onsite,2024-01-31T13:07:11Z,2024-01-31T23:58:35Z,Data Analyst
b555efe5d3117bdcaa970858cb4e1677,Data Analyst,2024-01-26T21:18:20Z,https://www.dice.com/job-detail/c3afcf01-1254-4ea6-95fe-f81df7a638f2,"Tracy, CA, USA","$60,000 - $70,000",AaraTechnologies Inc,Contract,FALSE,Hybrid/Onsite,2024-01-26T21:18:20Z,2024-01-31T23:58:35Z,Data Analyst
586a641201c182481c6447bc9a6550d5,Business Analyst/ Data Analyst,2024-01-29T15:59:27Z,https://www.dice.com/job-detail/1a1eaaba-7ca3-42bb-b1f2-e1c9238b46d1,"Richmond, VA, USA",Depends on Experience,"Vector Consulting, Inc",Contract,TRUE,Hybrid/Onsite,2024-01-29T15:59:27Z,2024-01-31T23:58:35Z,Data Analyst
99d39eadb626e196dcb669ede058fb06,Data Analyst,2024-01-16T23:32:59Z,https://www.dice.com/job-detail/385bf4d8-5fa2-489e-8f2a-449b3574a198,"Jacksonville, FL, USA",$42.50 - $57.50 hourly,Kforce Technology Staffing,Contract,FALSE,Hybrid/Onsite,2024-01-31T17:38:29Z,2024-01-31T23:58:35Z,Data Analyst
5258379c6a853cb9b121bbd84a226dd5,Data Analyst SR-590504,2024-01-22T15:04:34Z,https://www.dice.com/job-detail/34cadc76-2155-4429-b5bf-5613a4b62701,"Harrison, NY, USA",BASED ON EXPERIENCE,iTech Solutions,Contract,FALSE,Hybrid/Onsite,2024-01-31T18:04:27Z,2024-01-31T23:58:35Z,Data Analyst
75087c7495a2ec91ed57b3f9043fe379,SAP Data Migration Analyst,2024-01-29T19:45:43Z,https://www.dice.com/job-detail/455ffe15-6b8d-4371-a96a-49d67ed44796,"Universal City, CA, USA",Depends on Experience,Cynet Systems,"Contract, Third Party",FALSE,Hybrid/Onsite,2024-01-30T19:08:13Z,2024-01-31T23:58:35Z,Data Analyst
d5c104def11b1ab4cbf55d5f780ec06e,Data Analyst,2024-01-24T19:49:02Z,https://www.dice.com/job-detail/a7b82ebf-6c29-4fa8-a552-f5d50a229a10,"Detroit, MI, USA",Depends on Experience,ePromptus Inc.,Contract,FALSE,Hybrid/Onsite,2024-01-25T22:46:06Z,2024-01-31T23:58:35Z,Data Analyst
8480f600afda0347473aeee41897afdf,"Lead Technical Data Analyst   /Mclean VA , 6 months Contract to Hire",2024-01-25T01:04:21Z,https://www.dice.com/job-detail/66e1f5a0-b0f4-4391-bec9-67e03fb046da,"McLean, VA, USA",,Suncap Technology,Contract,FALSE,Hybrid/Onsite,2024-01-31T13:02:57Z,2024-01-31T23:58:35Z,Data Analyst
8467c7d02a482c057bc6603050c19009,Data Analyst,2024-01-22T19:12:26Z,https://www.dice.com/job-detail/e2d71f71-4b2d-4c37-8524-d1f337f07ca3,"Cleveland, OH, USA",$40 - $45,"DVI Technologies, Inc.",Contract,FALSE,Hybrid/Onsite,2024-01-24T14:15:52Z,2024-01-31T23:58:35Z,Data Analyst
df8ebd120ddad5babadd55d28eb07f4c,Data Analyst (Marketing),2024-01-06T00:09:16Z,https://www.dice.com/job-detail/09be2529-cf91-4550-8d96-e4506cd96770,"Irving, TX, USA",Compensation information provided in the description,BCforward,Contract,FALSE,Hybrid/Onsite,2024-01-31T16:13:19Z,2024-01-31T23:58:35Z,Data Analyst
586f4907cb9d56bcdcdd1192361a67a8,Data Analyst - Marketing Operations,2024-01-24T17:58:02Z,https://www.dice.com/job-detail/66ab8249-7411-4768-85cb-2197efe32437,"Atlanta, GA, USA",Depends on Experience,Macrosoft,Contract,FALSE,Hybrid/Onsite,2024-01-24T17:58:02Z,2024-01-31T23:58:35Z,Data Analyst
03375947eab0e1c86d395d0bfc439e05,IT Business Data Analyst,2024-01-25T23:15:27Z,https://www.dice.com/job-detail/faa37fee-5325-4417-a903-bbba6e9e94ce,"Florham Park, NJ, USA",,PropelSys Technologies LLC.,"Contract, Third Party",FALSE,Hybrid/Onsite,2024-01-30T05:01:39Z,2024-01-31T23:58:35Z,Data Analyst
0bda200f944e1f229508c5fc205f67eb,Data Analyst IV,2024-01-23T20:07:19Z,https://www.dice.com/job-detail/a26c9e90-6665-4bc3-8c1e-e36c10bbf2d4,"Longmont, CO, USA",BASED ON EXPERIENCE,Employnet,Contract,TRUE,Hybrid/Onsite,2024-01-31T18:07:26Z,2024-01-31T23:58:35Z,Data Analyst
23018d849220e013b508abe6643e9df6,Data Science Analyst,2024-01-29T22:42:19Z,https://www.dice.com/job-detail/839a1356-e0b0-48f9-97ab-8614bb64f366,"Fremont, CA, USA",Depends on Experience,Cynet Systems,"Contract, Third Party",FALSE,Hybrid/Onsite,2024-01-30T19:08:08Z,2024-01-31T23:58:35Z,Data Analyst
e3fa27b02c0603b06a30b78cd682a019,"Data Reporting Analyst  (Boston, Tampa, or Jersey City )",2024-01-11T20:12:15Z,https://www.dice.com/job-detail/98775ce9-0a86-4b56-8bde-c6dd897ae096,"Tampa, FL, USA",,Dexian DISYS,"Full-time, Contract",FALSE,Hybrid/Onsite,2024-01-31T16:13:42Z,2024-01-31T23:58:35Z,Data Analyst
4ce67bcd305553754c3a9a18a7048575,Clinical Data Analyst,2024-01-23T15:23:43Z,https://www.dice.com/job-detail/0eed78ad-1737-4290-b597-9668895006c8,"Nashville, TN, USA",$40 - $49,AIMIC Inc.,Contract,FALSE,Hybrid/Onsite,2024-01-23T15:23:43Z,2024-01-31T23:58:35Z,Data Analyst
b1247ef03a2e8af60f9f9b3e0ddc9d8b,Production Support Data Analyst SR-590500,2024-01-22T15:04:30Z,https://www.dice.com/job-detail/d5797efd-a36b-4f6d-ba57-b6896187cfd9,"Harrison, NY, USA",BASED ON EXPERIENCE,iTech Solutions,Contract,FALSE,Hybrid/Onsite,2024-01-31T18:04:23Z,2024-01-31T23:58:35Z,Data Analyst
e9c873cd5bb6bf50197cacafa8d20728,Data Analyst Technical,2024-01-23T22:00:37Z,https://www.dice.com/job-detail/3e8be53f-aa48-4b8e-9197-c519e6f0560b,"McLean, VA, USA",$DOE,Virtual Networx,"Contract, Third Party",FALSE,Hybrid/Onsite,2024-01-30T15:01:04Z,2024-01-31T23:58:35Z,Data Analyst
5c3c1aacc873ffa9da845675a708cad6,Data Analyst,2023-12-22T15:36:40Z,https://www.dice.com/job-detail/0beedd9f-4f75-44c8-8a59-80f6e657924e,"Pittsburgh, PA, USA",Market,Mastech Digital,Contract,FALSE,Hybrid/Onsite,2024-01-31T12:37:48Z,2024-01-31T23:58:35Z,Data Analyst
df714b04053ffc6eefd8831e9cb13380,Data Analyst/Report Writer,2024-01-23T14:52:21Z,https://www.dice.com/job-detail/3400b094-4752-48b9-af2d-8a859a6b9dfc,"Austin, TX, USA",Depends on Experience,"Capricorn Systems, Inc.",Contract,FALSE,Hybrid/Onsite,2024-01-23T14:52:21Z,2024-01-31T23:58:35Z,Data Analyst
d121ec4bd28c77da0103161537be9270,Healthcare Data Analyst with SAS programming,2024-01-19T18:00:33Z,https://www.dice.com/job-detail/e5e656db-77e1-4bde-b599-f89093ceaae8,"Hamilton Township, NJ, USA",$40 - $40.4,Biogensys,Contract,FALSE,Hybrid/Onsite,2024-01-19T18:00:33Z,2024-01-31T23:58:35Z,Data Analyst
472982ba662ff078378685fbaf244609,"SAP Data Migration Analyst - 10+ Years - Onsite - Universal City, CA",2024-01-29T15:40:46Z,https://www.dice.com/job-detail/e98e1fb1-1040-49e7-a9e0-45693056bf0a,"Universal City, CA, USA",$70 - $80,Sierra Business Solution LLC,"Third Party, Contract",FALSE,Hybrid/Onsite,2024-01-29T15:40:46Z,2024-01-31T23:58:35Z,Data Analyst
499314effb70405ae5fef901716ba6a3,Data Analyst,2024-01-15T20:08:02Z,https://www.dice.com/job-detail/c143dfa9-5e76-4865-9852-071c8cd9b43a,"Springfield, VA, USA",,Tandym Tech,Contract,FALSE,Hybrid/Onsite,2024-01-31T16:12:19Z,2024-01-31T23:58:35Z,Data Analyst
4953b2802aca7b753f0d1defd8dd65bb,Data Analyst,2024-01-26T15:03:11Z,https://www.dice.com/job-detail/512e170a-5a4a-448d-8f48-a32ac6e3e780,"Dallas, TX, USA",$45+,SBC Solutions,Contract,FALSE,Hybrid/Onsite,2024-01-29T15:44:02Z,2024-01-31T23:58:35Z,Data Analyst
5eb23b7807a78c21760a340fc3af5fd2,Data Analyst,2023-12-14T21:25:25Z,https://www.dice.com/job-detail/9c734885-edcf-401c-8948-b7d0f4e10b0c,"Glen Mills, PA, USA",$27 - $32,HonorVet Technologies,Contract,FALSE,Hybrid/Onsite,2024-01-29T14:14:51Z,2024-01-31T23:58:35Z,Data Analyst
679921e2af840f3ef935a521ac3b38e1,Data Analyst - Web Analytics,2024-01-23T14:50:14Z,https://www.dice.com/job-detail/b1901d41-3f03-42a5-b908-cfe85b99cec9,"Mount Laurel Township, NJ, USA",$40 - $48,Infotek Consulting Services Inc.,Contract,FALSE,Hybrid/Onsite,2024-01-23T14:50:14Z,2024-01-31T23:58:35Z,Data Analyst
d4680691ce6b214507a6a9f0bc5cb0da,Data Analyst,2024-01-17T15:31:00Z,https://www.dice.com/job-detail/53080e75-7666-4a67-aa64-f701151c313d,"Pittsburgh, PA, USA",Depends on Experience,"Softpath System, LLC.","Contract, Third Party",FALSE,Hybrid/Onsite,2024-01-30T15:33:01Z,2024-01-31T23:58:35Z,Data Analyst
489c94ba41918c4a71460c171119696c,Data Analyst,2024-01-24T21:05:58Z,https://www.dice.com/job-detail/148c1d5b-d9db-4169-9167-27c75674990a,"Dallas, TX, USA",BASED ON EXPERIENCE,MHK TECH INC,"Full-time, Contract",FALSE,Hybrid/Onsite,2024-01-31T18:05:16Z,2024-01-31T23:58:35Z,Data Analyst
01bc9ceb6fb06d853dee7d6d27cfb910,Data Analyst,2024-01-06T00:07:14Z,https://www.dice.com/job-detail/aa98074d-e8d1-42e0-96dd-a76d0eb45234,"Seattle, WA, USA",$36 - $41 per hour,Bayside Solutions,Contract,FALSE,Hybrid/Onsite,2024-01-31T16:11:01Z,2024-01-31T23:58:35Z,Data Analyst
7dd1944d8d4e753433fc4e6130736e7b,Data Analyst,2024-01-09T14:57:43Z,https://www.dice.com/job-detail/25506334-93b6-476c-9919-6a16eb0a3e9f,"Sarasota, FL, USA",Depends on Experience,Techaffinity Consulting,"Contract, Third Party",FALSE,Hybrid/Onsite,2024-01-31T14:55:36Z,2024-01-31T23:58:35Z,Data Analyst
9bc488838b74dcbb8da2d333aacf2999,Data Analyst with ETL PYTHON and JAVA,2024-01-29T20:54:05Z,https://www.dice.com/job-detail/81d6ff47-3826-4a3f-b08e-7d67aab167ee,"Philadelphia, PA, USA",$60 - $65,DCM Infotech Limited,Contract,FALSE,Hybrid/Onsite,2024-01-29T20:54:05Z,2024-01-31T23:58:35Z,Data Analyst
a9a122e4e621682fbb4d44464c5ef440,Data Analyst,2023-08-08T19:45:45Z,https://www.dice.com/job-detail/9fe91df4-6557-4dee-ae9b-64133452d4bc,"Colorado, USA",,Cyber Space Technologies LLC,"Third Party, Contract",FALSE,Hybrid/Onsite,2024-01-30T14:31:03Z,2024-01-31T23:58:35Z,Data Analyst
19c5c339491eef2e50419774db05a7f2,Business Analyst,2024-01-31T15:01:12Z,https://www.dice.com/job-detail/7f4ddd4c-5c04-47de-98f1-2272e475e522,"Jackson, MS, USA",$DOE,Techgene Solutions LLC,"Full-time, Contract, Third Party",FALSE,Hybrid/Onsite,2024-01-31T17:45:55Z,2024-01-31T23:58:37Z,Business Analyst
33b22effe5d6835d10f0d7773d91e087,Business Analyst,2024-01-31T14:49:42Z,https://www.dice.com/job-detail/44f81c45-d931-486f-b53a-d4dc5bf6a50c,,Depends on Experience,"TOP Consulting, Inc",Contract,FALSE,Remote,2024-01-31T14:49:42Z,2024-01-31T23:58:37Z,Business Analyst
15226ce006bdb54300474359d5452f06,Business System Analyst,2024-01-31T15:42:09Z,https://www.dice.com/job-detail/e6bddb40-6056-4777-9ed0-3dd8e40e00be,"Newark, NJ, USA",$65 - $75,Contech Systems Online,Contract,FALSE,Hybrid/Onsite,2024-01-31T15:42:09Z,2024-01-31T23:58:37Z,Business Analyst
7027e100dfe928d443727e56232627ef,Business Analyst,2024-01-30T21:24:49Z,https://www.dice.com/job-detail/4cf3228d-5743-4a0f-90d9-7d9e7b2b41d2,"Raleigh, NC, USA",Depends on Experience,Cynet Systems,"Contract, Third Party",FALSE,Hybrid/Onsite,2024-01-31T17:08:54Z,2024-01-31T23:58:37Z,Business Analyst
512647276f5b436b4cf4b0ca6b48c03e,Business Analyst,2024-01-31T15:26:27Z,https://www.dice.com/job-detail/376a4c00-fe7c-414e-8f10-4f48fa7ab9ca,"Woodbridge Township, NJ, USA",$60 - $70,Boston Technology Corporation,Contract,FALSE,Hybrid/Onsite,2024-01-31T15:26:27Z,2024-01-31T23:58:37Z,Business Analyst
a9000d1d7d3d0ea34e490eb35fd87df5,Business Analyst,2024-01-30T21:46:51Z,https://www.dice.com/job-detail/4dab1109-a32b-4a36-b753-8eb30b730a26,"Winston-Salem, NC, USA",Depends on Experience,Cynet Systems,"Contract, Third Party",FALSE,Hybrid/Onsite,2024-01-31T17:08:52Z,2024-01-31T23:58:37Z,Business Analyst
2d5a13ddf9f7ad1c133a284571f051e1,Business Analyst,2024-01-30T22:55:03Z,https://www.dice.com/job-detail/07ab7c4c-3d3e-48c7-9fff-e1cd72363ec7,"Jacksonville, FL, USA",Depends on Experience,DCM Infotech Limited,Contract,FALSE,Hybrid/Onsite,2024-01-30T22:55:03Z,2024-01-31T23:58:37Z,Business Analyst
48c889bd04f31fd2a711a0c48201b864,Business Analyst,2024-01-31T00:52:12Z,https://www.dice.com/job-detail/2f7b2699-2c13-4f39-aab2-1346f58b47b6,"Austin, TX, USA",Depends on Experience,Innosoul inc,"Contract, Third Party",FALSE,Hybrid/Onsite,2024-01-31T00:52:12Z,2024-01-31T23:58:37Z,Business Analyst
2e20956ff6fb2d44b1df56effa203c2d,Business Systems Analyst,2024-01-31T17:44:55Z,https://www.dice.com/job-detail/4f241095-6c71-4b03-90fb-ed4ea73e4578,"Mechanicsville, VA, USA",Depends on Experience,TIU Consulting,"Contract, Third Party",FALSE,Hybrid/Onsite,2024-01-31T17:44:55Z,2024-01-31T23:58:37Z,Business Analyst
bee57b07ac06d928961da65a1a991e1b,Business Analyst,2024-01-31T16:36:35Z,https://www.dice.com/job-detail/993a1065-21f8-4794-b649-715532b27012,"Austin, TX, USA",Depends on Experience,Neos Consulting,Contract,FALSE,Hybrid/Onsite,2024-01-31T16:36:35Z,2024-01-31T23:58:37Z,Business Analyst
e66d41596abf71dc60af7279fb15b16f,Business Analyst,2024-01-31T18:08:16Z,https://www.dice.com/job-detail/5dd4fbed-e169-4ae0-8ef2-a5e3bed967f2,,Depends on Experience,Cogent Data Solutions Llc,Contract,FALSE,Remote,2024-01-31T18:08:16Z,2024-01-31T23:58:37Z,Business Analyst
16faa01ee1c38436570189dc296fbb9d,Business Analyst,2024-01-31T15:52:05Z,https://www.dice.com/job-detail/1f39fc65-a2d7-42ff-9e53-6f986470b5b8,"Austin, TX, USA",$60 - $65,Proximate Technology Inc.,Contract,FALSE,Hybrid/Onsite,2024-01-31T15:52:05Z,2024-01-31T23:58:37Z,Business Analyst
0c9951c7c664dc1ce64b9ae26b683d56,Business Analyst,2024-01-30T22:12:40Z,https://www.dice.com/job-detail/1413c201-1ec2-4230-ac3e-02c5454a0e04,"Baton Rouge, LA, USA",Depends on Experience,Aventurine Technologies Inc,"Third Party, Contract",FALSE,Hybrid/Onsite,2024-01-30T22:14:33Z,2024-01-31T23:58:37Z,Business Analyst
2651faf314c1dc363ea85f5ff401c3bf,Business System Analyst,2024-01-30T21:22:09Z,https://www.dice.com/job-detail/404fcf78-43bc-4909-830e-8ed324448723,,$45 - $50,Stratuscoder Inc,Contract,FALSE,Remote,2024-01-30T21:22:09Z,2024-01-31T23:58:37Z,Business Analyst
520964e40b0b60b8c97042c2e63ccecd,Business System Analyst,2024-01-30T20:32:20Z,https://www.dice.com/job-detail/ec68dbcd-b3d8-4ae7-8873-5ab0897f5458,"Lansing, MI, USA",Depends on Experience,Donato Technologies Inc,Contract,FALSE,Hybrid/Onsite,2024-01-30T20:49:37Z,2024-01-31T23:58:37Z,Business Analyst
0ea1c1c6e24ccd593a4b5bf97597218d,Business Analyst,2024-01-31T14:56:11Z,https://www.dice.com/job-detail/1154d66d-c922-48ea-bb60-59c719b3c77d,"Raleigh, NC, USA",Depends on Experience,Raas Infotek LLC,Contract,FALSE,Hybrid/Onsite,2024-01-31T14:56:11Z,2024-01-31T23:58:37Z,Business Analyst
3050dac3e2b73c676444a3dd50e83efc,Business Analyst,2024-01-31T15:47:57Z,https://www.dice.com/job-detail/221c0aa2-5ca1-4822-8a11-2eb19ef469f3,,Depends on Experience,"Allied Consultants, Inc.","Contract, Third Party",FALSE,Remote,2024-01-31T15:47:57Z,2024-01-31T23:58:37Z,Business Analyst
273b5009580a56064e59cad9e4c129e9,"W2 Position: Business Analyst - Des Plaines, IL",2024-01-31T18:13:03Z,https://www.dice.com/job-detail/39286ee5-149a-41e7-a496-037a71ae29b7,"Des Plaines, IL, USA",$50 - $60,"Modern Agile Technologies, LLC",Contract,FALSE,Hybrid/Onsite,2024-01-31T18:13:03Z,2024-01-31T23:58:37Z,Business Analyst
0c5c9714572ff3e42986f7ee22afe398,"Business Analyst Consultant -- Fulltime -- Washington, DC (Onsite)",2024-01-31T15:01:54Z,https://www.dice.com/job-detail/2c2d6889-a3d6-4c97-9927-64af591f997f,"Washington, DC, USA",$DOE,"Lorven Technologies, Inc.","Full-time, Contract, Third Party",FALSE,Hybrid/Onsite,2024-01-31T15:46:42Z,2024-01-31T23:58:37Z,Business Analyst
9a4d39bb41f7c14c87a79241a65f97dc,Guidewire Business Analyst,2024-01-31T17:37:24Z,https://www.dice.com/job-detail/b09544b3-9634-49e7-8e97-20c02018f3c0,,$70 - $80,Tek Tree LLC,"Third Party, Contract",FALSE,Remote,2024-01-31T17:37:24Z,2024-01-31T23:58:37Z,Business Analyst
b8cf6cf2eaa75ef7ddc132453588a991,Business Analyst with Fund Raising applications .NY -Hybrid Onsite - 1 Day,2024-01-31T16:47:39Z,https://www.dice.com/job-detail/47a8ee90-aa58-40c0-b9cb-8803e78197bc,"New York, NY, USA",Depends on Experience,Kavyos Consulting Inc,Contract,FALSE,Hybrid/Onsite,2024-01-31T16:47:39Z,2024-01-31T23:58:37Z,Business Analyst
ebccb9ae7e30a9bc56b2e01254f00d45,Pega Business Analyst,2024-01-31T14:18:52Z,https://www.dice.com/job-detail/d3cce582-b794-4fe1-939f-19f9619ec17f,,Depends on Experience,Hadiamondstar Software Solutions LLC,Contract,FALSE,Remote,2024-01-31T14:27:50Z,2024-01-31T23:58:37Z,Business Analyst
d58231550ede3794118fbfbe7b57438b,Peoplesoft HR Business Analyst/Functional,2024-01-31T16:02:21Z,https://www.dice.com/job-detail/0852f981-3253-4210-b03f-4eda9546dec4,"Richmond, VA, USA",$60 - $70,Atriyo,Contract,FALSE,Hybrid/Onsite,2024-01-31T16:02:21Z,2024-01-31T23:58:37Z,Business Analyst
e23c3ddbcd39d3463cc196f5ed286bbb,Quality - Business Analyst,2024-01-31T16:58:18Z,https://www.dice.com/job-detail/d6bc4749-5eac-45b1-9abc-3f86bb3e7178,"Summit, NJ, USA",$70 - $75,HonorVet Technologies,Contract,FALSE,Hybrid/Onsite,2024-01-31T16:58:45Z,2024-01-31T23:58:37Z,Business Analyst
15f2f9598f7f2286d780587f51ebe8fa,Technical BA,2024-01-30T20:52:00Z,https://www.dice.com/job-detail/742b32d7-da92-44b2-b792-5f368fd861dc,"Garrison, MD, USA",Depends on Experience,Georgia IT,Contract,FALSE,Hybrid/Onsite,2024-01-30T20:52:00Z,2024-01-31T23:58:37Z,Business Analyst
b1b710f5e00d6ac3c71704cbc8a4bcd2,Business Analyst - Annotator - BAA24-01187,2024-01-31T13:50:43Z,https://www.dice.com/job-detail/0bb7e4d3-923e-4c75-b188-226d6b9de44c,"Alpharetta, GA, USA",Depends on Experience,"Compu-Vision Consulting, Inc.","Contract, Third Party",FALSE,Hybrid/Onsite,2024-01-31T13:50:43Z,2024-01-31T23:58:37Z,Business Analyst
c8ca8b2dc0e733977a4ca10dcc54e0f5,Business System Analyst,2024-01-30T19:53:57Z,https://www.dice.com/job-detail/09ef9fae-60d3-4f35-819f-968c60151d17,"Jersey City, NJ, USA",$60 - $70,Rapport IT,Contract,FALSE,Hybrid/Onsite,2024-01-30T19:53:57Z,2024-01-31T23:58:37Z,Business Analyst
8835e47e03df4be06b7ebb7610880a7e,Business Analyst,2024-01-30T20:10:10Z,https://www.dice.com/job-detail/74ec8a68-2c67-4904-8ecc-11bfea4ece4e,"Columbus, OH, USA",Depends on Experience,"Digitek Software, Inc.","Contract, Third Party",FALSE,Hybrid/Onsite,2024-01-30T20:10:10Z,2024-01-31T23:58:37Z,Business Analyst
cbd41936687d01debf97d097f79dc14f,Expert Business Analyst,2024-01-30T18:07:31Z,https://www.dice.com/job-detail/8917abcd-5074-42f9-b84f-52acde0bb788,"Albany, NY, USA",Depends on Experience,APLLET LLC,"Third Party, Contract",FALSE,Hybrid/Onsite,2024-01-30T18:07:31Z,2024-01-31T23:58:37Z,Business Analyst
e7a510ee1f6a7e98cb8f54d398de843c,"Technical BA (Data Analysis Strong SQL) - Owings Mills, MD - Hybrid",2024-01-30T17:34:41Z,https://www.dice.com/job-detail/824163aa-6be6-46a3-aba9-89cbef554670,"Owings Mills, MD, USA",Depends on Experience,Empower Professionals,Contract,FALSE,Hybrid/Onsite,2024-01-30T17:34:41Z,2024-01-31T23:58:37Z,Business Analyst
bd23cf2d1e113a7f8469c510365e99c3,Sage Intacct Business Analyst/Project Coordinator,2024-01-30T17:31:14Z,https://www.dice.com/job-detail/800c73d1-13d0-4902-a541-8ec4a55b0ed7,"Houston, TX, USA",,Nava Software Solutions,"Third Party, Contract",FALSE,Hybrid/Onsite,2024-01-30T18:30:37Z,2024-01-31T23:58:37Z,Business Analyst
99b424f437f7b95c7998c66cbaca5580,Business Analyst (One Week /Month - Onsite),2024-01-29T20:35:13Z,https://www.dice.com/job-detail/914d77cb-28d1-4694-a49f-c56132db0fdf,"Jackson, MS, USA",Depends on Experience,Get A Whiz,Contract,FALSE,Hybrid/Onsite,2024-01-29T20:35:13Z,2024-01-31T23:58:37Z,Business Analyst
a53cd8d6a6ecdc42323af4208ce375fe,Merchandising & Supply Chain IT Business Analyst,2024-01-30T14:42:41Z,https://www.dice.com/job-detail/839c6f1b-f9a8-492b-90c4-626430f9a803,"Nashville, TN, USA",Depends on Experience,Quess US,Contract,FALSE,Hybrid/Onsite,2024-01-30T14:42:41Z,2024-01-31T23:58:37Z,Business Analyst
0681a838980aae51b37d7e37afef94f7,Security Business Analyst (Department Public Safety),2024-01-30T19:24:48Z,https://www.dice.com/job-detail/470b683e-59eb-4c9a-bfee-aa03e959c6c0,,Depends on Experience,Confidential Company,Contract,FALSE,Remote,2024-01-30T19:29:03Z,2024-01-31T23:58:37Z,Business Analyst
df27257bf244d648df56cbb0f8dba79b,Business Analyst,2024-01-26T21:41:49Z,https://www.dice.com/job-detail/e7b4dbee-a79c-4ed2-8710-4cc8778ad6b5,"New Haven, CT, USA","$60,000 - $70,000",AaraTechnologies Inc,Contract,FALSE,Hybrid/Onsite,2024-01-26T21:41:49Z,2024-01-31T23:58:37Z,Business Analyst
704daf1bb3f0ea03cf392ade8ec57d70,Business Analyst,2024-01-30T15:08:27Z,https://www.dice.com/job-detail/12f2866d-fafe-4bac-a748-39fbd9e76bc2,"Pittsburgh, PA, USA",Depends on Experience,ConsultUSA,Contract,FALSE,Hybrid/Onsite,2024-01-30T15:08:27Z,2024-01-31T23:58:37Z,Business Analyst
fba836f10523df4de108daad5949ce9f,Business Analyst 1,2024-01-24T15:51:27Z,https://www.dice.com/job-detail/a186a290-b8bb-4024-9b64-60ddef01546e,"Philadelphia, PA, USA",Depends on Experience,A2C Consulting,Contract,FALSE,Hybrid/Onsite,2024-01-30T16:43:54Z,2024-01-31T23:58:37Z,Business Analyst
db8cef0181ba86d5984372b796dec51e,Business Analyst,2024-01-26T22:00:49Z,https://www.dice.com/job-detail/8935412c-7243-400f-bd16-9ef13f2f67ed,"Des Moines, IA, USA","$60,000 - $70,000",AaraTechnologies Inc,Contract,FALSE,Hybrid/Onsite,2024-01-26T22:00:49Z,2024-01-31T23:58:37Z,Business Analyst
0dfae740383aed66a57d58ece43525ca,Human Resources (HR) PeopleSoft Business Analyst,2024-01-30T16:22:05Z,https://www.dice.com/job-detail/b4ba241a-3a31-4dd7-9c93-da792e661b3a,"Maryland City, MD, USA",Depends on Experience,Meraki IT Solutions,"Contract, Third Party",FALSE,Hybrid/Onsite,2024-01-30T21:13:18Z,2024-01-31T23:58:37Z,Business Analyst
052a1719fbb4a2b97458a1b629dd773d,Business Analyst,2024-01-26T21:54:45Z,https://www.dice.com/job-detail/b5b0f912-7f62-4a21-ac0f-5e9aac3f3e00,"Aurora, CO, USA","$60,000 - $70,000",AaraTechnologies Inc,Contract,FALSE,Hybrid/Onsite,2024-01-26T21:54:45Z,2024-01-31T23:58:37Z,Business Analyst
91a0b43ff4ef5d3acced07ff1dcbac8b,Business Analyst,2024-01-26T21:45:46Z,https://www.dice.com/job-detail/c5fdb193-4d43-4f21-9421-47fecadc2624,"Middletown, CT, USA","$60,000 - $70,000",AaraTechnologies Inc,Contract,FALSE,Hybrid/Onsite,2024-01-26T21:45:46Z,2024-01-31T23:58:37Z,Business Analyst
b26f8db8f0487c6217243137d858d179,Business Analyst,2024-01-26T21:37:07Z,https://www.dice.com/job-detail/a4c6d940-e539-4eb7-b2b9-b7d04b74eb34,"Salt Lake City, UT, USA","$60,000 - $70,000",AaraTechnologies Inc,Contract,FALSE,Hybrid/Onsite,2024-01-26T21:37:07Z,2024-01-31T23:58:37Z,Business Analyst
fcff135b7efcb91d1f318f530b50040b,Business Analyst,2024-01-26T21:43:45Z,https://www.dice.com/job-detail/a138a37e-e778-47b7-b977-0a20f695fcc7,"Detroit, MI, USA","$60,000 - $70,000",AaraTechnologies Inc,Contract,FALSE,Hybrid/Onsite,2024-01-26T21:43:45Z,2024-01-31T23:58:37Z,Business Analyst
54007944d8e268fffe16bfb8bc8e485c,Business Analyst,2024-01-26T21:39:02Z,https://www.dice.com/job-detail/a4fa6d0f-9eb3-4d7c-9357-7c8343e1737f,"Pittsburgh, PA, USA","$60,000 - $70,000",AaraTechnologies Inc,Contract,FALSE,Hybrid/Onsite,2024-01-26T21:39:02Z,2024-01-31T23:58:37Z,Business Analyst
4d30b066cbc61d18f7530d5561731f03,Business Analyst,2024-01-26T21:31:10Z,https://www.dice.com/job-detail/4b9240e1-4b14-4278-8db8-0759ec0a91c0,"Dublin, OH, USA","$60,000 - $70,000",AaraTechnologies Inc,Contract,FALSE,Hybrid/Onsite,2024-01-26T21:32:04Z,2024-01-31T23:58:37Z,Business Analyst
5d888e636f0f713edfd66bc10a3e1190,Business Analyst,2024-01-26T21:58:35Z,https://www.dice.com/job-detail/524419df-6693-4ef5-b5b5-89facdbd1e4a,"Quincy, MA, USA","$60,000 - $70,000",AaraTechnologies Inc,Contract,FALSE,Hybrid/Onsite,2024-01-26T21:58:35Z,2024-01-31T23:58:37Z,Business Analyst
bbd05d03ccc41f970269478f746f19b6,Sr Business Analyst (Contract and Pricing),2024-01-23T17:01:15Z,https://www.dice.com/job-detail/5e7c9019-1bf2-47f2-9337-87f199dde3ad,,,Meraki7 Inc,"Contract, Third Party",FALSE,Hybrid/Onsite,2024-01-31T18:15:50Z,2024-01-31T23:58:37Z,Business Analyst
e1b2048d1f21e004ab710de34662884f,"Business Analyst  with Contract lifecycle management (CLM)- Austin, TX (Onsite)",2024-01-26T17:31:16Z,https://www.dice.com/job-detail/3fc1cf5c-8034-45e9-9388-b75a3371b699,"Austin, TX, USA",,Net Orbit Inc,Contract,FALSE,Hybrid/Onsite,2024-01-31T05:01:42Z,2024-01-31T23:58:37Z,Business Analyst
88bd2643f84c08ac1e8dfa7417e65698,Business Analyst,2024-01-26T21:33:35Z,https://www.dice.com/job-detail/640d8dd8-dbb3-4e48-a691-d0fc81b9f50d,"Skokie, IL, USA","$60,000 - $70,000",AaraTechnologies Inc,Contract,FALSE,Hybrid/Onsite,2024-01-26T21:33:35Z,2024-01-31T23:58:37Z,Business Analyst
17f8e6a3ecc7d2ed18c88dfaaa90ffac,Business Analyst,2024-01-30T15:38:26Z,https://www.dice.com/job-detail/7571aa88-0061-4f77-8959-bc50aba7f664,"Jackson, MS, USA",Depends on Experience,Confidential Company,Contract,FALSE,Hybrid/Onsite,2024-01-30T16:47:09Z,2024-01-31T23:58:37Z,Business Analyst
99f618398cda66e446a826367682e0a9,Business Analyst,2024-01-26T22:04:13Z,https://www.dice.com/job-detail/a6ee8866-7465-445a-ad14-83f129399d50,"Burlington, MA, USA","$60,000 - $70,000",AaraTechnologies Inc,Contract,FALSE,Hybrid/Onsite,2024-01-26T22:04:13Z,2024-01-31T23:58:37Z,Business Analyst
fbc6e3c51740cc45e5117f452d729c9b,Business Analyst,2024-01-26T22:24:32Z,https://www.dice.com/job-detail/f3e8e656-4a7b-4274-a176-1c116d4fd513,"Sacramento, CA, USA","$60,000 - $70,000",AaraTechnologies Inc,Contract,FALSE,Hybrid/Onsite,2024-01-26T22:24:32Z,2024-01-31T23:58:37Z,Business Analyst
0513b81de1b69080f066438aff3f671d,Business Analyst,2024-01-26T22:26:24Z,https://www.dice.com/job-detail/d7b9d175-e150-4205-b1f2-afa07bcd7a2b,"Falcon Heights, MN, USA","$60,000 - $70,000",AaraTechnologies Inc,Contract,FALSE,Hybrid/Onsite,2024-01-26T22:26:24Z,2024-01-31T23:58:37Z,Business Analyst
2bf35cfab3989f105a1bffa7043ff4a8,Technical Business Analyst with SQL Exp(Must),2024-01-30T15:26:29Z,https://www.dice.com/job-detail/16444e7e-1b7a-48bc-8a9d-716a98ec8f16,"Charlotte, NC, USA",$60 - $65,"AQUA Information Systems, Inc.",Contract,FALSE,Hybrid/Onsite,2024-01-30T15:26:29Z,2024-01-31T23:58:37Z,Business Analyst
ab4b53a9b4da42598fb25a2fb3070705,Business Analyst,2024-01-26T22:06:44Z,https://www.dice.com/job-detail/01ce8ad9-873d-42c3-8a45-896cb0a8a519,"Los Angeles, CA, USA","$60,000 - $70,000",AaraTechnologies Inc,Contract,FALSE,Hybrid/Onsite,2024-01-26T22:06:44Z,2024-01-31T23:58:37Z,Business Analyst
262754a581dc2977281404abea7b9479,Business Analyst,2024-01-26T22:21:39Z,https://www.dice.com/job-detail/d33b6c2b-3232-4b87-967c-f052841bd88c,"Columbia, MD, USA","$60,000 - $70,000",AaraTechnologies Inc,Contract,FALSE,Hybrid/Onsite,2024-01-26T22:22:44Z,2024-01-31T23:58:37Z,Business Analyst
c4e9913badbc01f460521047709606df,Business System Analyst EIM - Data Warehouse,2024-01-29T21:27:19Z,https://www.dice.com/job-detail/b2e23400-5462-48ef-9949-83a44a61bcbe,"Philadelphia, PA, USA",Depends on Experience,"Partner's Consulting, Inc.",Contract,FALSE,Hybrid/Onsite,2024-01-29T21:27:19Z,2024-01-31T23:58:37Z,Business Analyst
f367fdb95e76b2f103b0740d49cc9a67,BSA - LIMS,2024-01-27T01:10:23Z,https://www.dice.com/job-detail/c41771eb-47c0-4409-930c-43fb6f0592b3,"South San Francisco, CA, USA",Depends on Experience,Advanced Software Talent,Contract,FALSE,Hybrid/Onsite,2024-01-31T03:56:07Z,2024-01-31T23:58:37Z,Business Analyst
4cc316193698e96bf071a4a90d1c4f1b,Business Analyst,2024-01-26T21:28:50Z,https://www.dice.com/job-detail/28fa6b37-8022-42c8-ad8d-287fef80d1cf,"Silver Spring, MD, USA","$60,000 - $70,000",AaraTechnologies Inc,Contract,FALSE,Hybrid/Onsite,2024-01-26T21:28:50Z,2024-01-31T23:58:37Z,Business Analyst
5a2b255cab756865b8ada471700dbe5b,"MFT Business Analyst (Moveit, Kiteworks, Ipswitch, Opentext)",2024-01-30T18:02:23Z,https://www.dice.com/job-detail/4514871c-aea2-4b8b-8afb-ab1438d0d829,,Depends on Experience,Dynamic Enterprise Solutions Inc,"Third Party, Contract",FALSE,Remote,2024-01-30T18:02:23Z,2024-01-31T23:58:37Z,Business Analyst
a722494153d9e6bd9b462af0f22ef0d4,ON-SITE -Business Analyst - HBITS-05-13268,2024-01-29T21:29:39Z,https://www.dice.com/job-detail/8781c8a7-5153-497b-a39e-619e34fd96d8,"Albany, NY, USA",$53 - $63,"GreyCell Labs, Inc","Contract, Third Party",FALSE,Hybrid/Onsite,2024-01-29T21:29:39Z,2024-01-31T23:58:37Z,Business Analyst
2c87d7c9e7c8a556a605a605ca4acc22,Business Analyst,2024-01-29T18:49:28Z,https://www.dice.com/job-detail/cf459a8f-e393-40ce-8770-2643723eccfb,"Columbia, SC, USA",Depends on Experience,Vigna Solutions Inc.,Contract,FALSE,Hybrid/Onsite,2024-01-29T18:49:28Z,2024-01-31T23:58:37Z,Business Analyst
86d2b81df7c992dc50fa60dc1775efd9,Business Analyst,2024-01-26T22:02:35Z,https://www.dice.com/job-detail/3a6020eb-ff3b-4222-8258-fe5cb93b03bd,"Germantown, MD, USA","$60,000 - $70,000",AaraTechnologies Inc,Contract,FALSE,Hybrid/Onsite,2024-01-26T22:02:35Z,2024-01-31T23:58:37Z,Business Analyst
5f4b3f5f2901ba41b47185d533fddf1e,Business Analyst,2024-01-29T20:52:50Z,https://www.dice.com/job-detail/82579c42-fff7-4bf3-9ef0-0454431edd56,"Richmond, VA, USA",Depends on Experience,Innosoul inc,"Third Party, Contract",FALSE,Hybrid/Onsite,2024-01-29T21:05:16Z,2024-01-31T23:58:37Z,Business Analyst
9e97adf29cdf792d165235c3e76f109c,Technical Business Analyst with SQL and Data Background @ Need Locals only NC,2024-01-30T15:20:23Z,https://www.dice.com/job-detail/8a51a525-745b-4cb2-bb68-0fbc8b21ed1d,"Charlotte, NC, USA",Depends on Experience,"AQUA Information Systems, Inc.",Contract,FALSE,Hybrid/Onsite,2024-01-30T15:20:23Z,2024-01-31T23:58:37Z,Business Analyst
d80fd914af1e3b80cf3802c3053f68ef,Business Analyst,2024-01-26T22:30:07Z,https://www.dice.com/job-detail/4ea9d093-b12b-4118-b9ec-43c2091c177f,"Saint Paul, MN, USA","$60,000 - $70,000",AaraTechnologies Inc,Contract,FALSE,Hybrid/Onsite,2024-01-26T22:30:07Z,2024-01-31T23:58:37Z,Business Analyst
2930a17a5191404d2485c36984e1e6a8,SQL Business Systems Analyst,2024-01-29T18:42:04Z,https://www.dice.com/job-detail/d0a07f20-9a0e-447a-ac4b-9b774ad55c58,"Memphis, TN, USA",Depends on Experience,Alleare Consulting,Contract,FALSE,Hybrid/Onsite,2024-01-29T18:42:04Z,2024-01-31T23:58:37Z,Business Analyst
ef093ecdc617773ff571ffa115f79e12,Business Analyst,2024-01-11T16:48:28Z,https://www.dice.com/job-detail/e715947f-7187-44ab-8e91-92c620b608f1,"Jackson, MS, USA",Depends on Experience,Teklibrium LLC,Contract,FALSE,Hybrid/Onsite,2024-01-31T11:02:14Z,2024-01-31T23:58:37Z,Business Analyst
6081f0d50d9bede6095bfde9e37e45b4,Business Analyst I,2024-01-29T21:23:06Z,https://www.dice.com/job-detail/a6751417-5459-4500-be6a-9b770f3ea17e,"Philadelphia, PA, USA",Depends on Experience,"Partner's Consulting, Inc.",Contract,FALSE,Hybrid/Onsite,2024-01-29T21:23:06Z,2024-01-31T23:58:37Z,Business Analyst
cab83d4f99e1bbc2df8e3b691304f0a1,Business Analyst (Banking),2024-01-29T16:53:55Z,https://www.dice.com/job-detail/a3bf04d7-b27d-4655-a230-6039137dabe0,"Wilmington, DE, USA",$40 - $43,R4 IT Solutions Inc,Contract,FALSE,Hybrid/Onsite,2024-01-29T16:53:55Z,2024-01-31T23:58:37Z,Business Analyst
dab4278d0a3dcede1da8128cf16ea2c7,Business Analyst,2024-01-26T21:56:46Z,https://www.dice.com/job-detail/d2a41160-dc3a-4a13-8a37-679b0e7da229,"Sunnyvale, CA, USA","$60,000 - $70,000",AaraTechnologies Inc,Contract,FALSE,Hybrid/Onsite,2024-01-26T21:56:46Z,2024-01-31T23:58:37Z,Business Analyst
fa9b2a9244a79e3aeb342132d4a1e752,Sr. IT Business Analyst- Hybrid schedule,2024-01-26T20:24:22Z,https://www.dice.com/job-detail/282487cd-7fe7-47e3-b195-13b412ec0dbc,"Dallas, TX, USA",Depends on Experience,The Evolvers Group,Contract,FALSE,Hybrid/Onsite,2024-01-31T18:10:13Z,2024-01-31T23:58:37Z,Business Analyst
2749d6e656c17ea678ab56d748d4c87c,Business Analyst,2024-01-26T22:28:22Z,https://www.dice.com/job-detail/7184fb8b-490a-4e6f-bb79-7f786e4f8889,"Fremont, CA, USA","$60,000 - $70,000",AaraTechnologies Inc,Contract,FALSE,Hybrid/Onsite,2024-01-26T22:28:22Z,2024-01-31T23:58:37Z,Business Analyst
cc45332ae2ee7f52f610f3de1be29262,Duck Creek Sr. Business Analyst,2024-01-25T22:17:08Z,https://www.dice.com/job-detail/910dfe75-f9a6-4a2d-8fe4-f77daa7b2c40,"Virginia, USA",,TECH Tammina,Contract,FALSE,Hybrid/Onsite,2024-01-31T13:01:24Z,2024-01-31T23:58:37Z,Business Analyst
5923278e5264bbcc8131023e8ada02ce,Business Analyst,2024-01-29T22:07:16Z,https://www.dice.com/job-detail/d38f7f39-e0f5-4829-aadb-6d1a186bbfd8,"Jackson, MS, USA",USD50 - USD55,Randstad Digital,Contract,FALSE,Hybrid/Onsite,2024-01-31T16:08:10Z,2024-01-31T23:58:37Z,Business Analyst
bd8cef4e88161d9dbb6a0e978bf52279,Business Analyst,2023-09-18T21:22:14Z,https://www.dice.com/job-detail/ee79187c-7372-4603-b2d8-bdbf99d3571a,"Madison, WI, USA","$80,000 - $100,000","Smart Solutions, Inc.",Contract,TRUE,Hybrid/Onsite,2024-01-25T22:58:32Z,2024-01-31T23:58:37Z,Business Analyst
2b4c9f296c6012d08f57b38f7236e908,"Sr. Business Analyst with State Client Exp - Jackson, MS (Hybrid)",2024-01-29T17:45:47Z,https://www.dice.com/job-detail/b50471a9-6ade-4b95-8d8d-7c338adfe5c4,"Jackson, MS, USA",$Market,Smart Caliber Technology,"Contract, Third Party",FALSE,Hybrid/Onsite,2024-01-29T17:45:47Z,2024-01-31T23:58:37Z,Business Analyst
56e24486e73a314edb4df5b9a864a327,Business Systems Analyst,2024-01-29T16:48:32Z,https://www.dice.com/job-detail/8cc669f1-ed1a-4cb5-86b5-630439911ebe,"Richmond, VA, USA",$35 - $37,Viva Tech Solutions,Contract,FALSE,Hybrid/Onsite,2024-01-31T13:55:43Z,2024-01-31T23:58:37Z,Business Analyst
d73d2d43d402fca075fc028785dcdd91,Business Analyst,2024-01-29T19:57:29Z,https://www.dice.com/job-detail/06c6fd3d-5590-48f0-8b11-080619f7934a,"Jackson, MS, USA",Depends on Experience,Cynet Systems,"Contract, Third Party",FALSE,Hybrid/Onsite,2024-01-30T19:08:11Z,2024-01-31T23:58:37Z,Business Analyst
3c4364cb459335d846b64535bb3b06f2,BSA- Datawarehouse,2024-01-24T13:31:47Z,https://www.dice.com/job-detail/380df581-3816-434a-8327-3a0091c2beee,"Philadelphia, PA, USA",$60 - $65,Ionidea,Contract,FALSE,Hybrid/Onsite,2024-01-24T13:31:47Z,2024-01-31T23:58:37Z,Business Analyst
3bdaa078b1eae1d2a5521f346aa66862,LEAD BANKING REGULATORY BUSINESS ANALYST- Pittsburgh PA or Strongsville OH,2024-01-25T15:16:47Z,https://www.dice.com/job-detail/224169a9-bf09-402c-84cd-f908e22e5183,"Pittsburgh, PA, USA",Depends on Experience,"Pyramid Consulting Group, Inc",Contract,FALSE,Hybrid/Onsite,2024-01-25T15:16:47Z,2024-01-31T23:58:37Z,Business Analyst
da4a818deea782d037bcf5bd08e292d2,Business Analyst,2024-01-26T21:49:55Z,https://www.dice.com/job-detail/1fdf873d-bd54-4fe3-a8f1-e8bafe242a6b,"Morristown, NJ, USA","$60,000 - $70,000",AaraTechnologies Inc,Contract,FALSE,Hybrid/Onsite,2024-01-26T21:49:55Z,2024-01-31T23:58:37Z,Business Analyst
cdf2d8ae495d8b0cbc92afb4a8bbfaa8,Business Analyst,2024-01-26T14:56:30Z,https://www.dice.com/job-detail/e36c87ba-bb20-454b-867c-b24d3b390fc1,"St. Petersburg, FL, USA",$70 - $75,Pitisci & Associates,Contract,FALSE,Hybrid/Onsite,2024-01-26T20:50:29Z,2024-01-31T23:58:37Z,Business Analyst
d1c1bc243886b8f09bec050389a73eb5,Agile Business Analyst,2024-01-25T15:05:45Z,https://www.dice.com/job-detail/6913b099-27ee-47ae-a3f1-c9ab881523da,"Des Moines, IA, USA",Depends on Experience,Everest Technologies,Contract,FALSE,Hybrid/Onsite,2024-01-31T14:25:23Z,2024-01-31T23:58:37Z,Business Analyst
a3d311925fe742edb1b6689e44593fe8,Business Analyst,2024-01-18T15:44:39Z,https://www.dice.com/job-detail/09d8971e-e6c0-4862-89bd-a0d7a1ffb117,"Fort Wayne, IN, USA",Depends on Experience,Patriot Talent Solutions,Contract,FALSE,Hybrid/Onsite,2024-01-18T15:44:39Z,2024-01-31T23:58:37Z,Business Analyst
e82a79d43ffe7576b33af74da8d42a03,AxiomSL Technical Business Analyst,2024-01-22T20:17:17Z,https://www.dice.com/job-detail/30f58628-be51-434b-938f-e6bffe5918d9,"Stamford, CT, USA",$90 - $100,"Phaxis, LLC",Contract,FALSE,Hybrid/Onsite,2024-01-22T20:50:06Z,2024-01-31T23:58:37Z,Business Analyst
9e5a88fbe3e428b31b48c2e38e347ba3,Business Analyst,2024-01-24T14:20:38Z,https://www.dice.com/job-detail/3534c96d-525e-4ada-a9fc-e1ebec0bfad7,"Cairo, GA, USA",Depends on Experience,Apexon,Contract,FALSE,Hybrid/Onsite,2024-01-31T15:56:03Z,2024-01-31T23:58:37Z,Business Analyst
2fe9ebbd7154435f1555bba78a12b64e,Senior Business Analyst Collateral,2024-01-23T19:28:29Z,https://www.dice.com/job-detail/10e157e7-7918-4052-baf8-2a73c3ac84d2,"New York, NY, USA",Depends on Experience,Tiger Advisory,Contract,FALSE,Hybrid/Onsite,2024-01-23T19:28:29Z,2024-01-31T23:58:37Z,Business Analyst
e072aa88e1eb796b5866f7b7c962cf95,Junior/Mid Level Business Analyst - Telcommunication - application development environment,2024-01-25T22:21:06Z,https://www.dice.com/job-detail/f2b9c9cc-284d-4531-8041-30909a9168df,"St. Louis, MO, USA","$90,000 - $105,000",Virtusa Corporation,Contract,FALSE,Hybrid/Onsite,2024-01-31T15:11:49Z,2024-01-31T23:58:37Z,Business Analyst
fdc0b1d761711b56ec250ac872ef4913,SAP Business Analyst,2024-01-25T18:35:11Z,https://www.dice.com/job-detail/66a97d1d-a41c-4e0e-8a88-2f5ec32f6a89,"Minneapolis, MN, USA",Depends on Experience,Kellton,Contract,FALSE,Hybrid/Onsite,2024-01-31T15:03:34Z,2024-01-31T23:58:37Z,Business Analyst
27abf9026eb60186a5e0701240d4d9b6,Data Exchange Business Analyst,2024-01-23T21:14:04Z,https://www.dice.com/job-detail/9a117f39-0ff8-436e-bfeb-ad10065de27e,"Indianapolis, IN, USA",$40 - $45,nLeague Services,Contract,FALSE,Hybrid/Onsite,2024-01-30T18:52:13Z,2024-01-31T23:58:37Z,Business Analyst
2f46f5c10474f271a434c22646665358,Senior Business Analyst,2024-01-26T23:05:26Z,https://www.dice.com/job-detail/282f1a81-2111-414f-8428-78dd2ef0dd4b,"Irving, TX, USA",$70 - $75,"Pyramid Consulting, Inc.",Contract,FALSE,Hybrid/Onsite,2024-01-26T23:05:26Z,2024-01-31T23:58:37Z,Business Analyst
3153a6f1d47c1e2c9897c2197c33bce8,Business Analyst (Investment Banking),2024-01-25T22:37:42Z,https://www.dice.com/job-detail/d690f20b-844e-4134-8899-da88900b4017,"New York, NY, USA",$60 - $80,Tiger Advisory,Contract,FALSE,Hybrid/Onsite,2024-01-25T22:37:42Z,2024-01-31T23:58:37Z,Business Analyst
3c4278f0aa7f3081009b32c5fa7ca88f,Business System Analyst/ Business Application System Leader (W2 Position),2024-01-24T21:05:11Z,https://www.dice.com/job-detail/cf4c13de-96f1-4a44-be0b-51df60751bc0,,$89.27 - $89.27 hr,"LeadStack, Inc.",Contract,FALSE,Hybrid/Onsite,2024-01-31T18:04:45Z,2024-01-31T23:58:37Z,Business Analyst
a8963abefe3fa6f941ec018f218d1ff6,Business Analyst,2024-01-26T21:51:49Z,https://www.dice.com/job-detail/d333211c-e22c-49f7-bafd-b241f8eef7b8,"Fort Lee, NJ, USA","$60,000 - $70,000",AaraTechnologies Inc,Contract,FALSE,Hybrid/Onsite,2024-01-26T21:51:49Z,2024-01-31T23:58:37Z,Business Analyst
b318267b5a4dfd7ec4a0151dbeefcba0,Business System Analyst (with Tririga),2024-01-26T18:28:50Z,https://www.dice.com/job-detail/7e852c55-a2ae-4eff-8859-cdbc2403bd6f,"Mountain View, CA, USA",Depends on Experience,Spiceorb,"Contract, Third Party",FALSE,Hybrid/Onsite,2024-01-26T18:28:50Z,2024-01-31T23:58:37Z,Business Analyst
3532a340848a2d6659e3cba301f5e363,Business Analyst with Data Exchange,2024-01-23T21:39:08Z,https://www.dice.com/job-detail/5238c5dd-99f1-41e5-8665-96fe05baed81,"Indianapolis, IN, USA",$40 - $43,Della Infotech,Contract,FALSE,Hybrid/Onsite,2024-01-23T21:39:08Z,2024-01-31T23:58:37Z,Business Analyst
01255b863b24f8e86bdb9fc943165726,Business Systems Analyst,2024-01-29T15:56:17Z,https://www.dice.com/job-detail/cec4610b-771c-456f-9924-6b3a47c3ab3d,"Mechanicsville, VA, USA",Depends on Experience,"Datasoft Technologies, Inc.",Contract,FALSE,Hybrid/Onsite,2024-01-31T14:00:46Z,2024-01-31T23:58:37Z,Business Analyst
132760401c23bd43591c088965d0842e,Business Analyst,2024-01-03T14:45:37Z,https://www.dice.com/job-detail/562c091e-ec15-45a4-96dd-8a7303e06dff,"Mechanicsburg, PA, USA",Depends on Experience,"Capricorn Systems, Inc.",Contract,FALSE,Hybrid/Onsite,2024-01-03T14:45:37Z,2024-01-31T23:58:37Z,Business Analyst
293d5279e941fbd779d3a15f484bf31a,"business analyst local to carson city, NV - Hybrid role",2024-01-19T20:13:13Z,https://www.dice.com/job-detail/6f089f6e-e77c-4eba-9559-65dcea39939a,"Carson City, NV, USA",$40 - $45,"Technology Consultants, Inc.",Contract,FALSE,Hybrid/Onsite,2024-01-19T20:13:13Z,2024-01-31T23:58:37Z,Business Analyst
