Title,City,Salary,EmploymentType,JobURL,Company,Posted_date,RemoteStatus,JobID,Current_Date_Time
Senior Compensation Analyst,Dayton,$29 - $30 / hr,Contractor,"https://www.ziprecruiter.com/c/DB-HEALTHCARE-INC/Job/Senior-Compensation-Analyst/-in-Dayton,OH?jid=c3abb8e1baf08993",DB HEALTHCARE INC,2024-01-31T17:01:42Z,,c3abb8e1baf08993,2024-01-31T23:51:33Z
Stability Analyst,Rocklin,$20 - $25 / hr,Contractor,"https://www.ziprecruiter.com/c/Ronin-Staffing,-LLC/Job/Stability-Analyst/-in-Rocklin,CA?jid=5eddba37f61ecfe4","Ronin Staffing, LLC",2024-01-24T20:17:24Z,,5eddba37f61ecfe4,2024-01-31T23:51:33Z
Data Analytics Engineer,Santa Monica,$90K - $120K / yr,Contractor,"https://www.ziprecruiter.com/c/Oceanfront-Analytics/Job/Data-Analytics-Engineer/-in-Santa-Monica,CA?jid=6794a96540943187",Oceanfront Analytics,2023-08-30T14:37:45Z,,6794a96540943187,2024-01-31T23:51:33Z
Claims Recovery Data Analyst | Contract,Orange County,$30 - $42 / hr,Contractor,"https://www.ziprecruiter.com/c/Consilio-Enterprise-Talent-Solutions/Job/Claims-Recovery-Data-Analyst-|-Contract/-in-Orange-County,CA?jid=ef330983030051b2",Consilio - Enterprise Talent Solutions,2024-01-22T22:48:50Z,,ef330983030051b2,2024-01-31T23:51:33Z
Sr. Project Analyst,Newport Beach,$49 - $51 / hr,Contractor,"https://www.ziprecruiter.com/c/DB-HEALTHCARE-INC/Job/Sr.-Project-Analyst/-in-Newport-Beach,CA?jid=b8f38f3e28c5baf6",DB HEALTHCARE INC,2023-12-12T15:27:50Z,remote,b8f38f3e28c5baf6,2024-01-31T23:51:33Z
Data Analyst,Fremont,$50 - $55 / hr,Contractor,"https://www.ziprecruiter.com/c/TEKsystems/Job/Data-Analyst/-in-Fremont,CA?jid=b7805bc4ae425006",TEKsystems,2024-01-19T03:07:09Z,,b7805bc4ae425006,2024-01-31T23:51:33Z
REMOTE - Data Analyst,Remote,$0 / ,Contractor,"https://www.ziprecruiter.com/c/Platinum-Resource-Group/Job/REMOTE-Data-Analyst/-in-Remote,OR?jid=8630e34d6771d89a",Platinum Resource Group,2024-01-23T08:00:00Z,remote,8630e34d6771d89a,2024-01-31T23:51:33Z
Technology Data & Reporting Analyst,Remote,$0 / ,Contractor,"https://www.ziprecruiter.com/c/Abacus-Service-Corporation/Job/Technology-Data-&-Reporting-Analyst/-in-Remote,OR?jid=48dee10fb9341efc",Abacus Service Corporation,2023-08-01T17:19:24Z,remote,48dee10fb9341efc,2024-01-31T23:51:33Z
Lead Data Anlyst,Frisco,$0 / ,Contractor,"https://www.ziprecruiter.com/c/Tekstripes-Llc/Job/Lead-Data-Anlyst/-in-Frisco,TX?jid=4be497b83f0e295c",Tekstripes Llc,2023-10-31T15:46:01Z,,4be497b83f0e295c,2024-01-31T23:51:33Z
Data Analyst,Antioch,$44 - $46.21 / hr,Contractor,"https://www.ziprecruiter.com/c/Alpha-Consulting-Corp./Job/Data-Analyst/-in-Antioch,IL?jid=7518e4f178a979d4",Alpha Consulting Corp.,2024-01-05T08:00:00Z,,7518e4f178a979d4,2024-01-31T23:51:33Z
Data Analyst I,Culver City,$34 - $39 / hr,Contractor,"https://www.ziprecruiter.com/c/MindSource/Job/Data-Analyst-I/-in-Culver-City,CA?jid=0baf84afe56be08b",MindSource,2024-01-11T08:00:00Z,remote,0baf84afe56be08b,2024-01-31T23:51:33Z
Data Analyst/Report Writer (Power BI) (7292),Austin,$0 / ,Contractor,"https://www.ziprecruiter.com/c/Neos-Consulting/Job/Data-Analyst-Report-Writer-(Power-BI)-(7292)/-in-Austin,TX?jid=3122e8ff1be12748",Neos Consulting,2024-01-22T15:19:08Z,,3122e8ff1be12748,2024-01-31T23:51:33Z
Data Analyst,San Francisco,$60 - $63 / hr,Contractor,"https://www.ziprecruiter.com/c/Laboratory-Technician-|-St.-Cloud-Shines/Job/Data-Analyst/-in-San-Francisco,CA?jid=6b706d3c3fcd5c9f",Laboratory Technician | St. Cloud Shines,2023-09-01T07:00:00Z,remote,6b706d3c3fcd5c9f,2024-01-31T23:51:33Z
IT DATA ANALYST,Iselin,$18 - $20 / hr,Contractor,"https://www.ziprecruiter.com/c/Pyramid-Consulting/Job/IT-DATA-ANALYST/-in-Iselin,NJ?jid=ceecb21f79464706",Pyramid Consulting,2023-07-10T07:00:00Z,,ceecb21f79464706,2024-01-31T23:51:33Z
JR DATA ANALYST,Costa Mesa,$0 / ,Contractor,"https://www.ziprecruiter.com/c/Skiltrek/Job/JR-DATA-ANALYST/-in-Costa-Mesa,CA?jid=37720fc7ff9779ef",Skiltrek,2023-04-28T07:00:00Z,remote,37720fc7ff9779ef,2024-01-31T23:51:33Z
Data Analyst I-III,Myrtle Point,$15 - $24.70 / hr,Contractor,"https://www.ziprecruiter.com/c/InfoAge-Solutions-(IAS)/Job/Data-Analyst-I-III/-in-Myrtle-Point,OR?jid=647d7c634ccfd35c",InfoAge Solutions (IAS),2024-01-19T00:00:00Z,,647d7c634ccfd35c,2024-01-31T23:51:33Z
Data Analyst (Generic),San Jose,$0 / ,Contractor,"https://www.ziprecruiter.com/c/Zealogics.com/Job/Data-Analyst-(Generic)/-in-San-Jose,CA?jid=4ba1f99cab4a2a39",Zealogics.com,2024-01-30T21:11:23Z,,4ba1f99cab4a2a39,2024-01-31T23:51:33Z
Data Analyst,Beaverton,$0 / ,Contractor,"https://www.ziprecruiter.com/c/Genoa-Employment-Solutions-Inc/Job/Data-Analyst/-in-Beaverton,OR?jid=bac461cd631bdf85",Genoa Employment Solutions Inc,2022-11-29T07:27:49Z,remote,bac461cd631bdf85,2024-01-31T23:51:33Z
Product Analyst,Burnsville,$25 - $33 / hr,Contractor,"https://www.ziprecruiter.com/c/Konik/Job/Product-Analyst/-in-Burnsville,MN?jid=cee7a3e738b2add2",Konik,2024-01-17T08:00:00Z,,cee7a3e738b2add2,2024-01-31T23:51:33Z
Product Data Analyst,Cupertino,$45 - $65 / hr,Contractor,"https://www.ziprecruiter.com/c/TEKsystems/Job/Product-Data-Analyst/-in-Cupertino,CA?jid=0b4597fe4c48e539",TEKsystems,2024-01-23T01:47:49Z,,0b4597fe4c48e539,2024-01-31T23:51:33Z
Data Analyst,Beaverton,$0 / ,Contractor,"https://www.ziprecruiter.com/c/Genoa-Employment-Solutions-Inc/Job/Data-Analyst/-in-Beaverton,OR?jid=bac461cd631bdf85",Genoa Employment Solutions Inc,2022-11-29T07:27:49Z,remote,bac461cd631bdf85,2024-01-31T23:51:37Z
Data Analyst (Generic),San Jose,$0 / ,Contractor,"https://www.ziprecruiter.com/c/Zealogics.com/Job/Data-Analyst-(Generic)/-in-San-Jose,CA?jid=4ba1f99cab4a2a39",Zealogics.com,2024-01-30T21:11:23Z,,4ba1f99cab4a2a39,2024-01-31T23:51:37Z
Product Data Analyst,Cupertino,$45 - $65 / hr,Contractor,"https://www.ziprecruiter.com/c/TEKsystems/Job/Product-Data-Analyst/-in-Cupertino,CA?jid=0b4597fe4c48e539",TEKsystems,2024-01-23T01:47:49Z,,0b4597fe4c48e539,2024-01-31T23:51:37Z
Reporting Analyst - ERP / Accounting,Austin,$40 - $50 / hr,Contractor,"https://www.ziprecruiter.com/c/Simplex/Job/Reporting-Analyst-ERP-Accounting/-in-Austin,TX?jid=f384d37256930c31",Simplex,2024-01-29T18:16:52Z,,f384d37256930c31,2024-01-31T23:51:37Z
Business Analyst Finance,Chicago,$0 / ,Contractor,"https://www.ziprecruiter.com/c/Resource-Logistics/Job/Business-Analyst-Finance/-in-Chicago,IL?jid=28de9a811ab399d2",Resource Logistics,2024-01-18T08:00:00Z,,28de9a811ab399d2,2024-01-31T23:51:37Z
TRIBAL INTERN - Data Analyst,Phoenix,$20 / hr,Contractor,"https://www.ziprecruiter.com/c/Central-Arizona-Project/Job/TRIBAL-INTERN-Data-Analyst/-in-Phoenix,AZ?jid=d9df4b57a4a7474f",Central Arizona Project,2023-12-18T00:00:00Z,remote,d9df4b57a4a7474f,2024-01-31T23:51:37Z
"Data Warehouse Reporting Analyst, Sr.",Orange,$45.67 - $74.55 / hr,Contractor,"https://www.ziprecruiter.com/c/Impresiv-Health/Job/Data-Warehouse-Reporting-Analyst,-Sr./-in-Orange,CA?jid=f2543ece6f620d04",Impresiv Health,2023-01-11T00:00:00Z,remote,f2543ece6f620d04,2024-01-31T23:51:37Z
Data Analyst,San Diego,$24 / hr,Contractor,"https://www.ziprecruiter.com/c/Artech-Information-System-LLC/Job/Data-Analyst/-in-San-Diego,CA?jid=950d2cf00803f1b1",Artech Information System LLC,2017-09-08T07:00:00Z,,950d2cf00803f1b1,2024-01-31T23:51:37Z
Data Analyst,Minneapolis,$50 / hr,Contractor,"https://www.ziprecruiter.com/c/EA-Team-Inc./Job/Data-Analyst/-in-Minneapolis,MN?jid=68cd85c8f61828a7",EA Team Inc.,2018-12-19T08:00:00Z,,68cd85c8f61828a7,2024-01-31T23:51:37Z
Real World Evidence (RWE) - Data Analyst,Remote,$0 / ,Contractor,"https://www.ziprecruiter.com/c/Alpha-Consulting-Corp./Job/Real-World-Evidence-(RWE)-Data-Analyst/-in-Remote,OR?jid=48b94654857cd8b5",Alpha Consulting Corp.,2023-10-25T11:46:03Z,remote,48b94654857cd8b5,2024-01-31T23:51:37Z
Compliance Analyst (eCommerce) - Hybrid,San Jose,$35 - $41.52 / hr,Contractor,"https://www.ziprecruiter.com/c/Intelliswift-Software-Inc/Job/Compliance-Analyst-(eCommerce)-Hybrid/-in-San-Jose,CA?jid=0afa3d6c25e4f3ab",Intelliswift Software Inc,2024-01-10T10:20:17Z,,0afa3d6c25e4f3ab,2024-01-31T23:51:37Z
Data Analyst,Carolina,$0 / ,Contractor,"https://www.ziprecruiter.com/c/eTeam-Inc/Job/Data-Analyst/-in-Carolina,NC?jid=78b879dd324c5479",eTeam Inc,2022-07-01T07:00:00Z,,78b879dd324c5479,2024-01-31T23:51:37Z
Data Analyst IV,Cupertino,$61 - $66 / hr,Contractor,"https://www.ziprecruiter.com/c/MindSource/Job/Data-Analyst-IV/-in-Cupertino,CA?jid=bd445b724c7a0ffb",MindSource,2024-01-22T08:00:00Z,,bd445b724c7a0ffb,2024-01-31T23:51:37Z
Hiring for Business Analyst Roles,Chicago,$0 / ,Contractor,"https://www.ziprecruiter.com/c/Beta-oft-Systems-Inc/Job/Hiring-for-Business-Analyst-Roles/-in-Chicago,IL?jid=fe5068bb77c241ea",Beta oft Systems Inc,2020-03-11T00:00:00Z,,fe5068bb77c241ea,2024-01-31T23:51:37Z
Senior Project Analyst,Newport Beach,$45 - $55 / hr,Contractor,"https://www.ziprecruiter.com/c/Peregrine-Team/Job/Senior-Project-Analyst/-in-Newport-Beach,CA?jid=696046f07b3f513b",Peregrine Team,2024-01-12T04:08:22Z,,696046f07b3f513b,2024-01-31T23:51:37Z
Digital eCommerce Analyst,Calabasas,$30 / hr,Contractor,"https://www.ziprecruiter.com/c/Adecco/Job/Digital-eCommerce-Analyst/-in-Calabasas,CA?jid=2a13145ded493872",Adecco,2024-01-05T00:28:47Z,,2a13145ded493872,2024-01-31T23:51:37Z
Data Analyst/SR (29689),Phoenix,$0 / ,Contractor,"https://www.ziprecruiter.com/c/IDEALFORCE-LLC/Job/Data-Analyst-SR-(29689)/-in-Phoenix,AZ?jid=345df3be7374aaa3",IDEALFORCE LLC,2014-07-25T07:00:00Z,,345df3be7374aaa3,2024-01-31T23:51:37Z
Jr- Mid-level Data Analyst/Engineer,Englewood,$0 / ,Contractor,"https://www.ziprecruiter.com/c/ClientSolv-Technologies/Job/Jr-Mid-level-Data-Analyst-Engineer/-in-Englewood,CO?jid=65f771f3568973d7",ClientSolv Technologies,2022-01-25T08:00:00Z,,65f771f3568973d7,2024-01-31T23:51:37Z
Energy Market Operations Analyst,Taylor,$0 / ,Contractor,"https://www.ziprecruiter.com/c/MWResource,-Inc./Job/Energy-Market-Operations-Analyst/-in-Taylor,TX?jid=a38f7213397c9b8e","MWResource, Inc.",2024-01-31T09:03:11Z,,a38f7213397c9b8e,2024-01-31T23:51:37Z
Looking for a Data analyst with our direct banking client,Plano,$0 / ,Contractor,"https://www.ziprecruiter.com/c/Artech/Job/Looking-for-a-Data-analyst-with-our-direct-banking-client/-in-Plano,TX?jid=4035bf9df57fd074",Artech,2023-10-06T23:13:04Z,,4035bf9df57fd074,2024-01-31T23:51:41Z
Data Analyst,New Brighton,$0 / ,Contractor,"https://www.ziprecruiter.com/c/RIT-Solutions/Job/Data-Analyst/-in-New-Brighton,MN?jid=9890b6af3682d7c1",RIT Solutions,2023-12-20T08:00:00Z,remote,9890b6af3682d7c1,2024-01-31T23:51:41Z
Data Analyst Level II (38945),Phoenix,$0 / ,Contractor,"https://www.ziprecruiter.com/c/IDEALFORCE-LLC/Job/Data-Analyst-Level-II-(38945)/-in-Phoenix,AZ?jid=9b242ea8c070cc49",IDEALFORCE LLC,2016-02-24T08:00:00Z,,9b242ea8c070cc49,2024-01-31T23:51:41Z
Data Analyst,Chicago,$0 / ,Contractor,"https://www.ziprecruiter.com/c/Ask-IT-consulting/Job/Data-Analyst/-in-Chicago,IL?jid=24cb8b82dcce6c4c",Ask IT consulting,2014-06-17T07:00:00Z,,24cb8b82dcce6c4c,2024-01-31T23:51:41Z
Business Analyst - B,Des Plaines,$0 / ,Contractor,"https://www.ziprecruiter.com/c/Accountant-Iv-:-22-22194-Banking-Jobs-|-Bank-Careers/Job/Business-Analyst-B/-in-Des-Plaines,IL?jid=3fbf919577735ab9",Accountant Iv #: 22-22194 - Banking Jobs | Bank Careers,2024-01-29T08:00:00Z,,3fbf919577735ab9,2024-01-31T23:51:41Z
Data Analyst (Research Analyst),Lake Bluff,$0 / ,Contractor,"https://www.ziprecruiter.com/c/Infinite-Computing-Systems/Job/Data-Analyst-(Research-Analyst)/-in-Lake-Bluff,IL?jid=9d9f4742a7f4854b",Infinite Computing Systems,2020-11-05T08:00:00Z,,9d9f4742a7f4854b,2024-01-31T23:51:41Z
Data Analyst,Redmond,$0 / ,Contractor,"https://www.ziprecruiter.com/c/SRI-Tech-solutions-Inc/Job/Data-Analyst/-in-Redmond,WA?jid=c9ea9e54bc0a6c00",SRI Tech solutions Inc,2016-07-08T07:00:00Z,,c9ea9e54bc0a6c00,2024-01-31T23:51:41Z
Business Analyst Co-op,Vancouver,$0 / ,Contractor,"https://www.ziprecruiter.com/c/Teck-Resources-Limited/Job/Business-Analyst-Co-op/-in-Vancouver,WA?jid=0a77211387d630b4",Teck Resources Limited,2024-01-31T08:00:00Z,,0a77211387d630b4,2024-01-31T23:51:41Z
Document/Data Analyst,Boulder,$0 / ,Contractor,"https://www.ziprecruiter.com/c/Integrated-Resources-INC/Job/Document-Data-Analyst/-in-Boulder,CO?jid=09372b8099ec323f",Integrated Resources INC,2016-08-09T07:00:00Z,,09372b8099ec323f,2024-01-31T23:51:41Z
Data Analyst,Hillsboro,$0 / ,Contractor,"https://www.ziprecruiter.com/c/Procom-Consultants-Group/Job/Data-Analyst/-in-Hillsboro,OR?jid=b85d880ea198c648",Procom Consultants Group,2016-01-29T08:00:00Z,,b85d880ea198c648,2024-01-31T23:51:41Z
Business Intelligence Analyst,San Francisco,$75 / hr,Contractor,"https://www.ziprecruiter.com/c/Estrada-Consulting-Incorporated/Job/Business-Intelligence-Analyst/-in-San-Francisco,CA?jid=0008e628e95ca8b5",Estrada Consulting Incorporated,2024-01-22T21:58:38Z,,0008e628e95ca8b5,2024-01-31T23:51:41Z
"Analyst, Data and Analysis Intern",San Francisco,$0 / ,Contractor,"https://www.ziprecruiter.com/c/Publicis-Groupe/Job/Analyst,-Data-and-Analysis-Intern/-in-San-Francisco,CA?jid=61c7e92514107beb",Publicis Groupe,2024-01-26T00:00:00Z,,61c7e92514107beb,2024-01-31T23:51:41Z
Data Analyst,Salem,$0 / ,Contractor,"https://www.ziprecruiter.com/c/Stem-Xpert/Job/Data-Analyst/-in-Salem,OR?jid=69b7e02b86badaa3",Stem Xpert,2014-11-21T08:00:00Z,,69b7e02b86badaa3,2024-01-31T23:51:41Z
Data Analyst,Santa Ana,$0 / ,Contractor,"https://www.ziprecruiter.com/c/Collabera/Job/Data-Analyst/-in-Santa-Ana,CA?jid=b1bf6a813ccbf74a",Collabera,2015-04-03T07:00:00Z,,b1bf6a813ccbf74a,2024-01-31T23:51:41Z
Data Analyst with Power BI Report,Redmond,$0 / ,Contractor,"https://www.ziprecruiter.com/c/Scout-ET/Job/Data-Analyst-with-Power-BI-Report/-in-Redmond,WA?jid=7a97b3a610570e4f",Scout ET,2016-09-08T07:00:00Z,,7a97b3a610570e4f,2024-01-31T23:51:41Z
"Urgent need - Data Analyst - Seattle, WA",Seattle,$0 / ,Contractor,"https://www.ziprecruiter.com/c/Deegit-Inc/Job/Urgent-need-Data-Analyst-Seattle,-WA/-in-Seattle,WA?jid=3eaf4a58da5cdc0c",Deegit Inc,2015-08-20T00:00:00Z,,3eaf4a58da5cdc0c,2024-01-31T23:51:41Z
"Compliance Reporting Data Analyst - Smartsheets, Tableau",Beaverton,$0 / ,Contractor,"https://www.ziprecruiter.com/c/Genoa-Employment-Solutions-Inc/Job/Compliance-Reporting-Data-Analyst-Smartsheets,-Tableau/-in-Beaverton,OR?jid=f71ec2dacc999989",Genoa Employment Solutions Inc,2022-11-29T09:58:53Z,,f71ec2dacc999989,2024-01-31T23:51:41Z
Data Analyst with Power BI,Redmond,$0 / ,Contractor,"https://www.ziprecruiter.com/c/EA-Team-Inc./Job/Data-Analyst-with-Power-BI/-in-Redmond,WA?jid=f6d66dea23b7b736",EA Team Inc.,2019-02-27T08:00:00Z,,f6d66dea23b7b736,2024-01-31T23:51:41Z
Data Analyst II,Cupertino,$0 / ,Contractor,"https://www.ziprecruiter.com/c/Artech/Job/Data-Analyst-II/-in-Cupertino,CA?jid=3846a6651bb0f121",Artech,2024-01-04T08:00:00Z,,3846a6651bb0f121,2024-01-31T23:51:41Z
Marketing Business Analyst (Project Manager),Bellevue,$76.58 - $79.22 / hr,Contractor,"https://www.ziprecruiter.com/c/Intelliswift-Software-Inc/Job/Marketing-Business-Analyst-(Project-Manager)/-in-Bellevue,WA?jid=3b1860319896897c",Intelliswift Software Inc,2024-01-18T04:23:48Z,,3b1860319896897c,2024-01-31T23:51:41Z
"Urgent need - Data Analyst - Seattle, WA",Seattle,$0 / ,Contractor,"https://www.ziprecruiter.com/c/Deegit-Inc/Job/Urgent-need-Data-Analyst-Seattle,-WA/-in-Seattle,WA?jid=3eaf4a58da5cdc0c",Deegit Inc,2015-08-20T00:00:00Z,,3eaf4a58da5cdc0c,2024-01-31T23:51:45Z
Data Analyst II,Cupertino,$0 / ,Contractor,"https://www.ziprecruiter.com/c/Artech/Job/Data-Analyst-II/-in-Cupertino,CA?jid=3846a6651bb0f121",Artech,2024-01-04T08:00:00Z,,3846a6651bb0f121,2024-01-31T23:51:45Z
Marketing Business Analyst (Project Manager),Bellevue,$76.58 - $79.22 / hr,Contractor,"https://www.ziprecruiter.com/c/Intelliswift-Software-Inc/Job/Marketing-Business-Analyst-(Project-Manager)/-in-Bellevue,WA?jid=3b1860319896897c",Intelliswift Software Inc,2024-01-18T04:23:48Z,,3b1860319896897c,2024-01-31T23:51:45Z
"Junior Data Analyst / Denver, CO ( Hybrid), 8+ Months Contract",Denver,$0 / ,Contractor,"https://www.ziprecruiter.com/c/Suncap-Technology/Job/Junior-Data-Analyst-Denver,-CO-(-Hybrid),-8+-Months-Contract/-in-Denver,CO?jid=2b01bf91e70580c4",Suncap Technology,2022-12-14T08:00:00Z,,2b01bf91e70580c4,2024-01-31T23:51:45Z
Data Analyst,Santa Monica,$0 / ,Contractor,"https://www.ziprecruiter.com/c/Prosum/Job/Data-Analyst/-in-Santa-Monica,CA?jid=dc1ceb8099707296",Prosum,2016-12-21T08:00:00Z,,dc1ceb8099707296,2024-01-31T23:51:45Z
Infrastructure Business Analyst Co-op,Vancouver,$0 / ,Contractor,"https://www.ziprecruiter.com/c/Teck-Resources-Limited/Job/Infrastructure-Business-Analyst-Co-op/-in-Vancouver,WA?jid=9b054d9007b8385b",Teck Resources Limited,2024-01-31T08:00:00Z,,9b054d9007b8385b,2024-01-31T23:51:45Z
Business Analyst/ Short Term Remote - 1 month Contract,Remote,$0 / ,Contractor,"https://www.ziprecruiter.com/c/Suncap-Technology/Job/Business-Analyst-Short-Term-Remote-1-month-Contract/-in-Remote,OR?jid=67114b1b59bb06d3",Suncap Technology,2024-01-22T08:00:00Z,,67114b1b59bb06d3,2024-01-31T23:51:45Z
Advanced Analyst,Daly City,$0 / ,Contractor,"https://www.ziprecruiter.com/c/Data-Engineering-Manager-:-22-23914-.-Engineering-Jobs-|-Engineer-Careers-Canada/Job/Advanced-Analyst/-in-Daly-City,CA?jid=6945195327d336a0",Data Engineering Manager #: 22-23914 . - Engineering Jobs | Engineer Careers Canada,2024-01-18T08:00:00Z,remote,6945195327d336a0,2024-01-31T23:51:45Z
Data Analyst,San Jose,$0 / ,Contractor,"https://www.ziprecruiter.com/c/Intelliswift/Job/Data-Analyst/-in-San-Jose,CA?jid=82aecfa16df76563",Intelliswift,2021-05-26T07:00:00Z,,82aecfa16df76563,2024-01-31T23:51:45Z
Data Analyst,San Francisco,$0 / ,Contractor,"https://www.ziprecruiter.com/c/Micasa-Global/Job/Data-Analyst/-in-San-Francisco,CA?jid=fb7ba13b2a0e2634",Micasa Global,2022-01-11T08:00:00Z,,fb7ba13b2a0e2634,2024-01-31T23:51:45Z
Data Analyst III,Cupertino,$0 / ,Contractor,"https://www.ziprecruiter.com/c/eTeam-Inc/Job/Data-Analyst-III/-in-Cupertino,CA?jid=73a49e30012ef5f2",eTeam Inc,2023-12-13T08:00:00Z,,73a49e30012ef5f2,2024-01-31T23:51:45Z
Logistics Analyst III,Austin,$0 / ,Contractor,"https://www.ziprecruiter.com/c/Laboratory-Technician-|-St.-Cloud-Shines/Job/Logistics-Analyst-III/-in-Austin,TX?jid=52b59e2d911c364b",Laboratory Technician | St. Cloud Shines,2024-01-17T08:00:00Z,,52b59e2d911c364b,2024-01-31T23:51:45Z
Business Analyst - Utility Data Contractors,San Diego,$0 / ,Contractor,"https://www.ziprecruiter.com/c/Shiftcode-Analytics,-Inc/Job/Business-Analyst-Utility-Data-Contractors/-in-San-Diego,CA?jid=adac6c46d75ea85c","Shiftcode Analytics, Inc",2024-01-23T04:40:46Z,,adac6c46d75ea85c,2024-01-31T23:51:45Z
Data Engineer/Analyst,Fremont,$0 / ,Contractor,"https://www.ziprecruiter.com/c/RIT-Solutions/Job/Data-Engineer-Analyst/-in-Fremont,CA?jid=deb643b03d31e086",RIT Solutions,2023-11-30T08:00:00Z,,deb643b03d31e086,2024-01-31T23:51:45Z
BUSINESS ANALYST,Addison,$0 / ,Contractor,"https://www.ziprecruiter.com/c/SHIRO-Technologies-Inc/Job/BUSINESS-ANALYST/-in-Addison,TX?jid=2004fb116661e78a",SHIRO Technologies Inc,2023-06-23T00:00:00Z,,2004fb116661e78a,2024-01-31T23:51:45Z
Business Analyst,Dallas,$50 / hr,Contractor,"https://www.ziprecruiter.com/c/Belcan/Job/Business-Analyst/-in-Dallas,TX?jid=a44cc331a2deba0d",Belcan,2023-12-07T08:00:00Z,remote,a44cc331a2deba0d,2024-01-31T23:51:45Z
Data Integration Architect,Pleasanton,$52 - $69 / hr,Contractor,"https://www.ziprecruiter.com/c/Workday/Job/Data-Integration-Architect/-in-Pleasanton,CA?jid=a81d12218066b32d",Workday,2024-01-24T03:48:28Z,,a81d12218066b32d,2024-01-31T23:51:45Z
IT Data Analyst,Nashville,$0 / ,Contractor,"https://www.ziprecruiter.com/c/Open-Systems-Technologies/Job/IT-Data-Analyst/-in-Nashville,TN?jid=73bf746eb108c3e2",Open Systems Technologies,2017-07-05T07:00:00Z,,73bf746eb108c3e2,2024-01-31T23:51:45Z
Jr. Data Analyst,Walnut Creek,$0 / ,Contractor,"https://www.ziprecruiter.com/c/Artech-Information-System-LLC/Job/Jr.-Data-Analyst/-in-Walnut-Creek,CA?jid=a1d231590e7a6886",Artech Information System LLC,2017-02-16T08:00:00Z,,a1d231590e7a6886,2024-01-31T23:51:45Z
Jr. Data Analyst,Walnut Creek,$0 / ,Contractor,"https://www.ziprecruiter.com/c/Artech-Information-System-LLC/Job/Jr.-Data-Analyst/-in-Walnut-Creek,CA?jid=a1d231590e7a6886",Artech Information System LLC,2017-02-16T08:00:00Z,,a1d231590e7a6886,2024-01-31T23:51:50Z
Business Analyst - III,San Francisco,$58 / hr,Contractor,"https://www.ziprecruiter.com/c/TechDigital-Corporation/Job/Business-Analyst-III/-in-San-Francisco,CA?jid=ff6d33c29826a7f0",TechDigital Corporation,2024-01-05T04:30:56Z,,ff6d33c29826a7f0,2024-01-31T23:51:50Z
Business Data Analyst,Seattle,$0 / ,Contractor,"https://www.ziprecruiter.com/c/Full-Time-Contract-for-Workday-Integrations-Consultant-in-Sunnyvale-or-Austin-(Relocation-necessa.../Job/Business-Data-Analyst/-in-Seattle,WA?jid=63f70720679a7d95",Full Time/Contract for Workday Integrations Consultant in Sunnyvale or Austin (Relocation necessa...,2023-09-28T07:00:00Z,,63f70720679a7d95,2024-01-31T23:51:50Z
Workday Data Analyst,San Francisco,$0 / ,Contractor,"https://www.ziprecruiter.com/c/Abacus-Service-Corporation/Job/Workday-Data-Analyst/-in-San-Francisco,CA?jid=30352ba023de8fe1",Abacus Service Corporation,2021-12-16T08:00:00Z,,30352ba023de8fe1,2024-01-31T23:51:50Z
Operations Analyst,Deerfield,$0 / ,Contractor,"https://www.ziprecruiter.com/c/Project-Specialist-1-:-23-01710-Jobymind.com/Job/Operations-Analyst/-in-Deerfield,IL?jid=777755e76a5ed00a",Project Specialist - 1 #: 23-01710 - Jobymind.com,2024-01-11T08:00:00Z,,777755e76a5ed00a,2024-01-31T23:51:50Z
Sr. Data Analyst,San Diego,$91K - $115K / yr,Contractor,"https://www.ziprecruiter.com/c/CEDENT/Job/Sr.-Data-Analyst/-in-San-Diego,CA?jid=389bda92b64f3c1d",CEDENT,2023-06-26T10:00:00Z,,389bda92b64f3c1d,2024-01-31T23:51:50Z
SCADA Analyst/Programmer - Contract,Anchorage,$0 / ,Contractor,"https://www.ziprecruiter.com/c/ConocoPhillips/Job/SCADA-Analyst-Programmer-Contract/-in-Anchorage,AK?jid=24c7f0088cc971bd",ConocoPhillips,2024-01-26T07:04:33Z,,24c7f0088cc971bd,2024-01-31T23:51:50Z
"Title V Data Research Analyst, Institutional Planning & Research Department",Los Angeles,"$5,666.67 / mo",Contractor,"https://www.ziprecruiter.com/c/Mount-St.Marys-College,-Los-Angeles/Job/Title-V-Data-Research-Analyst,-Institutional-Planning-&-Research-Department/-in-Los-Angeles,CA?jid=e6c7929cb56c977c","Mount St.Mary's College, Los Angeles",2023-12-19T00:00:00Z,remote,e6c7929cb56c977c,2024-01-31T23:51:50Z
Data Analyst - Evergreen,Bodega Bay,$0 / ,Contractor,"https://www.ziprecruiter.com/c/Lever-Demo-2/Job/Data-Analyst-Evergreen/-in-Bodega-Bay,CA?jid=b136bde012399a72",Lever Demo 2,2021-09-22T07:00:00Z,,b136bde012399a72,2024-01-31T23:51:50Z
System Analyst- Product Information Management,Remote,$0 / ,Contractor,"https://www.ziprecruiter.com/c/Analyst-It-Vulnerability-Management-:-23-00057-IT-Jobs-|-IT-Positions/Job/System-Analyst-Product-Information-Management/-in-Remote,OR?jid=4d82205f42bd204e",Analyst It Vulnerability Management #: 23-00057 - IT Jobs | IT Positions,2024-01-11T08:00:00Z,,4d82205f42bd204e,2024-01-31T23:51:50Z
Data Migration Analyst,Sunnyvale,$0 / ,Contractor,"https://www.ziprecruiter.com/c/US-Tech-Solutions/Job/Data-Migration-Analyst/-in-Sunnyvale,CA?jid=a633a087c8b45c34",US Tech Solutions,2016-10-25T07:00:00Z,,a633a087c8b45c34,2024-01-31T23:51:50Z
Functional Analyst with Wealth Management,Day,$0 / ,Contractor,"https://www.ziprecruiter.com/c/AppLab-Systems,-Inc./Job/Functional-Analyst-with-Wealth-Management/-in-Day,FL?jid=f58da14b5730bebf","AppLab Systems, Inc.",2023-04-04T07:00:00Z,,f58da14b5730bebf,2024-01-31T23:51:50Z
Account Receivable Analyst,Tempe,$28 / hr,Contractor,"https://www.ziprecruiter.com/c/Global-Channel-Management,-Inc./Job/Account-Receivable-Analyst/-in-Tempe,AZ?jid=2e007c104e4bb230","Global Channel Management, Inc.",2017-08-24T07:00:00Z,,2e007c104e4bb230,2024-01-31T23:51:50Z
Systems and Data Analyst 4,Englewood,$0 / ,Contractor,"https://www.ziprecruiter.com/c/ACL-Digital/Job/Systems-and-Data-Analyst-4/-in-Englewood,CO?jid=e656a75d0618690e",ACL Digital,2023-07-14T00:00:00Z,,e656a75d0618690e,2024-01-31T23:51:50Z
IT Data Analyst,Nashville,$0 / ,Contractor,"https://www.ziprecruiter.com/c/Open-Systems-Technologies/Job/IT-Data-Analyst/-in-Nashville,TN?jid=73bf746eb108c3e2",Open Systems Technologies,2017-07-05T07:00:00Z,,73bf746eb108c3e2,2024-01-31T23:51:50Z
Business Analyst (Business Data Analyst),San Francisco,$0 / ,Contractor,"https://www.ziprecruiter.com/c/H1B-Sponsorship-Jobs-in-Usa/Job/Business-Analyst-(Business-Data-Analyst)/-in-San-Francisco,CA?jid=35093afff9755bdb",H1B Sponsorship Jobs in Usa,2023-11-29T08:00:00Z,,35093afff9755bdb,2024-01-31T23:51:50Z
Data Analyst - Global Places and Security,Santa Clara,$0 / ,Contractor,"https://www.ziprecruiter.com/c/TalentBurst,-Inc./Job/Data-Analyst-Global-Places-and-Security/-in-Santa-Clara,CA?jid=f5439c4e862aab6f","TalentBurst, Inc.",2024-01-08T08:00:00Z,remote,f5439c4e862aab6f,2024-01-31T23:51:50Z
Business Data Analyst,Redwood City,$0 / ,Contractor,"https://www.ziprecruiter.com/c/SV-Tech-Systems-Inc/Job/Business-Data-Analyst/-in-Redwood-City,CA?jid=ef42bafe591f08c6",SV Tech Systems Inc,2015-04-06T07:00:00Z,,ef42bafe591f08c6,2024-01-31T23:51:50Z
Clinical / Scientific - Bioanalytical Analyst,Andover,$0 / ,Contractor,"https://www.ziprecruiter.com/c/Pioneer-Data-Systems,-Inc./Job/Clinical-Scientific-Bioanalytical-Analyst/-in-Andover,MA?jid=dfd5599352f8e7cc","Pioneer Data Systems, Inc.",2024-01-23T08:00:00Z,,dfd5599352f8e7cc,2024-01-31T23:51:50Z
Business Analyst/Data Analysts,Santa Clara,$0 / ,Contractor,"https://www.ziprecruiter.com/c/360-IT-Professionals/Job/Business-Analyst-Data-Analysts/-in-Santa-Clara,CA?jid=0767b78ffe8f8abf",360 IT Professionals,2017-08-21T07:00:00Z,,0767b78ffe8f8abf,2024-01-31T23:51:50Z
Engineering Sr Analyst,Saint Paul,$0 / ,Contractor,"https://www.ziprecruiter.com/c/TalentBurst,-Inc./Job/Engineering-Sr-Analyst/-in-Saint-Paul,MN?jid=286a8be48d47025a","TalentBurst, Inc.",2024-01-25T08:00:00Z,remote,286a8be48d47025a,2024-01-31T23:51:55Z
Business Data Analyst,Redwood City,$0 / ,Contractor,"https://www.ziprecruiter.com/c/SV-Tech-Systems-Inc/Job/Business-Data-Analyst/-in-Redwood-City,CA?jid=ef42bafe591f08c6",SV Tech Systems Inc,2015-04-06T07:00:00Z,,ef42bafe591f08c6,2024-01-31T23:51:55Z
Business System Data Analyst,Salem,$0 / ,Contractor,"https://www.ziprecruiter.com/c/SA-Technologies-Inc./Job/Business-System-Data-Analyst/-in-Salem,OR?jid=aaabd6b6f0b85f60",SA Technologies Inc.,2017-05-02T07:00:00Z,,aaabd6b6f0b85f60,2024-01-31T23:51:55Z
Business Analyst/Data Analysts,Santa Clara,$0 / ,Contractor,"https://www.ziprecruiter.com/c/360-IT-Professionals/Job/Business-Analyst-Data-Analysts/-in-Santa-Clara,CA?jid=0767b78ffe8f8abf",360 IT Professionals,2017-08-21T07:00:00Z,,0767b78ffe8f8abf,2024-01-31T23:51:55Z
Supplier Operations Analyst,San Rafael,$0 / ,Contractor,"https://www.ziprecruiter.com/c/Accountant-Iv-:-22-22194-Banking-Jobs-|-Bank-Careers/Job/Supplier-Operations-Analyst/-in-San-Rafael,CA?jid=d0e292b829e44b4b",Accountant Iv #: 22-22194 - Banking Jobs | Bank Careers,2023-11-07T08:00:00Z,remote,d0e292b829e44b4b,2024-01-31T23:51:55Z
Two Openings - 24 Months Contract - Healthcare Business Analyst with SQL Database experience and BA/,Oakland,$0 / ,Contractor,"https://www.ziprecruiter.com/c/Resource-Informatics-Group-Inc/Job/Two-Openings-24-Months-Contract-Healthcare-Business-Analyst-with-SQL-Database-experience-and-BA-/-in-Oakland,CA?jid=ee7706c10fc46bd4",Resource Informatics Group Inc,2022-09-06T22:45:31Z,,ee7706c10fc46bd4,2024-01-31T23:51:55Z
Compensation Analyst,Denver,$0 / ,Contractor,"https://www.ziprecruiter.com/c/Crescens-Inc./Job/Compensation-Analyst/-in-Denver,CO?jid=fbd5874f1eba67f9",Crescens Inc.,2023-08-25T07:00:00Z,remote,fbd5874f1eba67f9,2024-01-31T23:51:55Z
Business Systems Analyst-Senior-CIO Org,San Diego,$60 - $62 / hr,Contractor,"https://www.ziprecruiter.com/c/Leadstack/Job/Business-Systems-Analyst-Senior-CIO-Org/-in-San-Diego,CA?jid=4e4d9fb42a131ce0",Leadstack,2024-01-23T08:00:00Z,remote,4e4d9fb42a131ce0,2024-01-31T23:51:55Z
Data Analyst/Report Writer,Austin,$0 / ,Contractor,"https://www.ziprecruiter.com/c/Indotronix-International-Corporation/Job/Data-Analyst-Report-Writer/-in-Austin,TX?jid=ea5123c269eb6f30",Indotronix International Corporation,2021-10-26T13:52:41Z,,ea5123c269eb6f30,2024-01-31T23:51:55Z
Climate Risk Business Analyst IV,Menlo Park,$0 / ,Contractor,"https://www.ziprecruiter.com/c/NATA-Certified-|-Columbus-OH-FBO-|-Rickenbacker-Aviation/Job/Climate-Risk-Business-Analyst-IV/-in-Menlo-Park,CA?jid=7cd23531a6911995",NATA-Certified | Columbus OH FBO | Rickenbacker Aviation,2024-01-25T08:00:00Z,remote,7cd23531a6911995,2024-01-31T23:51:55Z
Cyber Security Operations Analyst,San Jose,$50 - $60 / hr,Contractor,"https://www.ziprecruiter.com/c/Ursus,-Inc./Job/Cyber-Security-Operations-Analyst/-in-San-Jose,CA?jid=4d3a6b11f514470a","Ursus, Inc.",2023-09-20T07:00:00Z,,4d3a6b11f514470a,2024-01-31T23:51:55Z
Data Analyst/Modeler - Hybrid,Durham,$53 - $68.50 / hr,Contractor,"https://www.ziprecruiter.com/c/ActiveSoft,-Inc/Job/Data-Analyst-Modeler-Hybrid/-in-Durham,NC?jid=2f39592108397887","ActiveSoft, Inc",2023-09-13T18:18:35Z,,2f39592108397887,2024-01-31T23:51:55Z
Clinical / Scientific - Bioanalytical Analyst,Andover,$0 / ,Contractor,"https://www.ziprecruiter.com/c/Pioneer-Data-Systems,-Inc./Job/Clinical-Scientific-Bioanalytical-Analyst/-in-Andover,MA?jid=dfd5599352f8e7cc","Pioneer Data Systems, Inc.",2024-01-23T08:00:00Z,,dfd5599352f8e7cc,2024-01-31T23:51:55Z
Scaled Abuse Operations Data Analyst - Arabic,Sunnyvale,$0 / ,Contractor,"https://www.ziprecruiter.com/c/BCforward/Job/Scaled-Abuse-Operations-Data-Analyst-Arabic/-in-Sunnyvale,CA?jid=c714577bdce9656e",BCforward,2016-10-17T07:00:00Z,,c714577bdce9656e,2024-01-31T23:51:55Z
Operations Analyst,San Jose,$0 / ,Contractor,"https://www.ziprecruiter.com/c/Collabera/Job/Operations-Analyst/-in-San-Jose,CA?jid=c245bf31f24318ed",Collabera,2016-07-14T07:00:00Z,,c245bf31f24318ed,2024-01-31T23:51:55Z
Business Systems Analyst - IT - III,San Mateo,$70 - $80 / hr,Contractor,"https://www.ziprecruiter.com/c/Integrated-Resources,-Inc/Job/Business-Systems-Analyst-IT-III/-in-San-Mateo,CA?jid=a5b8ba6aeecb5216","Integrated Resources, Inc",2024-01-23T04:28:46Z,,a5b8ba6aeecb5216,2024-01-31T23:51:55Z
Sr Technical Business Analyst (On-site / Seattle),Seattle,$0 / ,Contractor,"https://www.ziprecruiter.com/c/Elyon-International/Job/Sr-Technical-Business-Analyst-(On-site-Seattle)/-in-Seattle,WA?jid=763b291cdd182e03",Elyon International,2023-10-13T23:23:57Z,,763b291cdd182e03,2024-01-31T23:51:55Z
Business System Analyst,Tempe,$0 / ,Contractor,"https://www.ziprecruiter.com/c/krg-technology-inc/Job/Business-System-Analyst/-in-Tempe,AZ?jid=3b56e4080a7de6bc",krg technology inc,2017-01-26T08:00:00Z,,3b56e4080a7de6bc,2024-01-31T23:51:55Z
Python Developer - Analyst/Data Scientist,Redmond,$0 / ,Contractor,"https://www.ziprecruiter.com/c/Full-Time-Contract-for-Workday-Integrations-Consultant-in-Sunnyvale-or-Austin-(Relocation-necessa.../Job/Python-Developer-Analyst-Data-Scientist/-in-Redmond,WA?jid=fcc7ff26d55561fe",Full Time/Contract for Workday Integrations Consultant in Sunnyvale or Austin (Relocation necessa...,2023-09-14T07:00:00Z,remote,fcc7ff26d55561fe,2024-01-31T23:51:55Z
Business Analyst,Orange County,$0 / ,Contractor,"https://www.ziprecruiter.com/c/Technology-Talent-Network-LLC/Job/Business-Analyst/-in-Orange-County,CA?jid=3ee948882daf601b",Technology Talent Network LLC,2024-01-31T15:52:50Z,remote,3ee948882daf601b,2024-01-31T23:52:00Z
PeopleSoft Functional HCM Analyst,Annapolis,$50 - $65 / hr,Contractor,"https://www.ziprecruiter.com/c/Transcend-Business-Solutions/Job/PeopleSoft-Functional-HCM-Analyst/-in-Annapolis,MD?jid=b0d6873cd8173fff",Transcend Business Solutions,2024-01-24T18:35:24Z,,b0d6873cd8173fff,2024-01-31T23:52:00Z
Human Resources Analyst,San Luis Obispo,$80K - $100K / yr,Contractor,"https://www.ziprecruiter.com/c/Jobot/Job/Human-Resources-Analyst/-in-San-Luis-Obispo,CA?jid=060a8911c3e2032f",Jobot,2024-01-17T12:39:54Z,,060a8911c3e2032f,2024-01-31T23:52:00Z
Senior Financial Functional PeopleSoft Analyst- AP & System Setup,Annapolis,$50 - $65 / hr,Contractor,"https://www.ziprecruiter.com/c/Transcend-Business-Solutions/Job/Senior-Financial-Functional-PeopleSoft-Analyst-AP-&-System-Setup/-in-Annapolis,MD?jid=29432b5cee3e8a8a",Transcend Business Solutions,2024-01-24T18:41:46Z,,29432b5cee3e8a8a,2024-01-31T23:52:00Z
Sr. Project Analyst,Newport Beach,$49 - $51 / hr,Contractor,"https://www.ziprecruiter.com/c/DB-HEALTHCARE-INC/Job/Sr.-Project-Analyst/-in-Newport-Beach,CA?jid=b8f38f3e28c5baf6",DB HEALTHCARE INC,2023-12-12T15:27:50Z,remote,b8f38f3e28c5baf6,2024-01-31T23:52:00Z
Senior Compensation Analyst,Dayton,$29 - $30 / hr,Contractor,"https://www.ziprecruiter.com/c/DB-HEALTHCARE-INC/Job/Senior-Compensation-Analyst/-in-Dayton,OH?jid=c3abb8e1baf08993",DB HEALTHCARE INC,2024-01-31T17:01:42Z,,c3abb8e1baf08993,2024-01-31T23:52:00Z
Senior Business Analyst / Project Manager,Cerritos,$96K - $124K / yr,Contractor,"https://www.ziprecruiter.com/c/Illuminous-Enterprises-Inc/Job/Senior-Business-Analyst-Project-Manager/-in-Cerritos,CA?jid=85032037bd94afe7",Illuminous Enterprises Inc,2023-06-16T17:34:59Z,remote,85032037bd94afe7,2024-01-31T23:52:00Z
SalesForce Business Systems Analyst (Marketing Cloud) - Partial Remote,Fountain Valley,$130K - $140K / yr,Contractor,"https://www.ziprecruiter.com/c/Silicon-Beach-Solutions/Job/SalesForce-Business-Systems-Analyst-(Marketing-Cloud)-Partial-Remote/-in-Fountain-Valley,CA?jid=37800dcdba26feb9",Silicon Beach Solutions,2023-11-01T17:17:26Z,,37800dcdba26feb9,2024-01-31T23:52:00Z
AXIOMSL Developers/Configure Analyst,Jersey City,$50 - $60 / hr,Contractor,"https://www.ziprecruiter.com/c/Mahaugha-LLC/Job/AXIOMSL-Developers-Configure-Analyst/-in-Jersey-City,NJ?jid=531e44f492719c3c",Mahaugha LLC,2023-11-08T16:05:43Z,,531e44f492719c3c,2024-01-31T23:52:00Z
Financial Business Analyst - Remote,Cambridge,$0 / ,Contractor,"https://www.ziprecruiter.com/c/Canada-Quality-Manager-I-(Engineering)-:-22-22011-.-Engineering-Jobs-|-Engineer-Careers-Canada/Job/Financial-Business-Analyst-Remote/-in-Cambridge,MA?jid=6d1a6518331a55a5",Canada-Quality Manager I (Engineering) #: 22-22011 . - Engineering Jobs | Engineer Careers Canada,2024-01-30T08:00:00Z,remote,6d1a6518331a55a5,2024-01-31T23:52:00Z
Senior Financial Analyst (FP&A) - Hybrid,Glendale,$65 - $80 / hr,Contractor,"https://www.ziprecruiter.com/c/Equis-Staffing/Job/Senior-Financial-Analyst-(FP&A)-Hybrid/-in-Glendale,CA?jid=031691998054940f",Equis Staffing,2021-11-13T02:00:14Z,,031691998054940f,2024-01-31T23:52:00Z
Business Analyst I,Los Angeles,$49.88 - $71.25 / hr,Contractor,"https://www.ziprecruiter.com/c/Genesis-Corp.-New-Journey-AI-LLC/Job/Business-Analyst-I/-in-Los-Angeles,CA?jid=da6f6749558ff6c3",Genesis Corp./New Journey AI LLC,2024-01-30T22:38:04Z,,da6f6749558ff6c3,2024-01-31T23:52:00Z
Business Analyst,Oakland,$30 - $45 / hr,Contractor,"https://www.ziprecruiter.com/c/MetroSys/Job/Business-Analyst/-in-Oakland,CA?jid=168e6050ba7aff0d",MetroSys,2023-11-22T01:30:19Z,,168e6050ba7aff0d,2024-01-31T23:52:00Z
Business Analyst,Atlanta,$0 / ,Contractor,"https://www.ziprecruiter.com/c/Crescens-Inc./Job/Business-Analyst/-in-Atlanta,GA?jid=5d638eb59a8914e8",Crescens Inc.,2019-02-28T07:40:09Z,,5d638eb59a8914e8,2024-01-31T23:52:00Z
"Business Analyst - Austin, TX",Austin,$0 / ,Contractor,"https://www.ziprecruiter.com/c/Nesco-Resource/Job/Business-Analyst-Austin,-TX/-in-Austin,TX?jid=b6f19d44675361c7",Nesco Resource,2024-01-31T08:00:00Z,,b6f19d44675361c7,2024-01-31T23:52:00Z
Outside Sales - Remote,Baton Rouge,$100K - $200K / yr,Contractor,"https://www.ziprecruiter.com/c/Patriots-Payment-Processing-Llc/Job/Outside-Sales-Remote/-in-Baton-Rouge,LA?jid=50d3e25efaeb0876",Patriots Payment Processing Llc,2023-07-07T17:12:19Z,,50d3e25efaeb0876,2024-01-31T23:52:00Z
Business Analyst,Remote,$0 / ,Contractor,"https://www.ziprecruiter.com/c/AppLab-Systems,-Inc./Job/Business-Analyst/-in-Remote,OR?jid=5c4d80ced10c9151","AppLab Systems, Inc.",2022-11-15T08:00:00Z,remote,5c4d80ced10c9151,2024-01-31T23:52:00Z
Business Analyst - B,Des Plaines,$0 / ,Contractor,"https://www.ziprecruiter.com/c/Canada-Quality-Manager-I-(Engineering)-:-22-22011-.-Engineering-Jobs-|-Engineer-Careers-Canada/Job/Business-Analyst-B/-in-Des-Plaines,IL?jid=917e72250aa1bdd4",Canada-Quality Manager I (Engineering) #: 22-22011 . - Engineering Jobs | Engineer Careers Canada,2024-01-29T08:00:00Z,,917e72250aa1bdd4,2024-01-31T23:52:00Z
Business Systems Analyst,West Sacramento,$70 / hr,Contractor,"https://www.ziprecruiter.com/c/Estrada-Consulting-Incorporated/Job/Business-Systems-Analyst/-in-West-Sacramento,CA?jid=32c7c2ccd9298838",Estrada Consulting Incorporated,2024-01-04T12:04:47Z,,32c7c2ccd9298838,2024-01-31T23:52:00Z
Business Analyst Co-op,Vancouver,$0 / ,Contractor,"https://www.ziprecruiter.com/c/Teck-Resources-Limited/Job/Business-Analyst-Co-op/-in-Vancouver,WA?jid=0a77211387d630b4",Teck Resources Limited,2024-01-31T08:00:00Z,,0a77211387d630b4,2024-01-31T23:52:00Z
Forklift Operator,Kirkland,$25.06 / hr,Contractor,"https://www.ziprecruiter.com/c/Aerotek/Job/Forklift-Operator/-in-Kirkland,WA?jid=0705c994424a9cd5",Aerotek,2024-01-27T03:34:26Z,,0705c994424a9cd5,2024-01-31T23:52:04Z
Business Systems Analyst,West Sacramento,$70 / hr,Contractor,"https://www.ziprecruiter.com/c/Estrada-Consulting-Incorporated/Job/Business-Systems-Analyst/-in-West-Sacramento,CA?jid=32c7c2ccd9298838",Estrada Consulting Incorporated,2024-01-04T12:04:47Z,,32c7c2ccd9298838,2024-01-31T23:52:04Z
Marketing Business Analyst (Project Manager),Bellevue,$76.58 - $79.22 / hr,Contractor,"https://www.ziprecruiter.com/c/Intelliswift-Software-Inc/Job/Marketing-Business-Analyst-(Project-Manager)/-in-Bellevue,WA?jid=3b1860319896897c",Intelliswift Software Inc,2024-01-18T04:23:48Z,,3b1860319896897c,2024-01-31T23:52:04Z
Business Analyst,Remote,$0 / ,Contractor,"https://www.ziprecruiter.com/c/Advansys/Job/Business-Analyst/-in-Remote,OR?jid=374bd3fccc38d2b9",Advansys,2021-04-21T07:00:00Z,remote,374bd3fccc38d2b9,2024-01-31T23:52:04Z
Business Analyst,Phoenix,$0 / ,Contractor,"https://www.ziprecruiter.com/c/Knowledge-Services/Job/Business-Analyst/-in-Phoenix,AZ?jid=9584bb889095ff21",Knowledge Services,2024-01-30T01:51:22Z,,9584bb889095ff21,2024-01-31T23:52:04Z
Business Analyst - III,San Francisco,$58 / hr,Contractor,"https://www.ziprecruiter.com/c/TechDigital-Corporation/Job/Business-Analyst-III/-in-San-Francisco,CA?jid=ff6d33c29826a7f0",TechDigital Corporation,2024-01-05T04:30:56Z,,ff6d33c29826a7f0,2024-01-31T23:52:04Z
Business Analyst - Salesforce,Pleasanton,$52 - $69 / hr,Contractor,"https://www.ziprecruiter.com/c/Workday/Job/Business-Analyst-Salesforce/-in-Pleasanton,CA?jid=69116dee20941254",Workday,2024-01-23T03:33:01Z,,69116dee20941254,2024-01-31T23:52:04Z
Business Analyst/ Short Term Remote - 1 month Contract,Remote,$0 / ,Contractor,"https://www.ziprecruiter.com/c/Suncap-Technology/Job/Business-Analyst-Short-Term-Remote-1-month-Contract/-in-Remote,OR?jid=67114b1b59bb06d3",Suncap Technology,2024-01-22T08:00:00Z,,67114b1b59bb06d3,2024-01-31T23:52:04Z
Senior Business Analysis Consultant,Dallas,$55 - $65 / hr,Contractor,"https://www.ziprecruiter.com/c/Kaizen-Analytix/Job/Senior-Business-Analysis-Consultant/-in-Dallas,TX?jid=22492ff65b665d48",Kaizen Analytix,2024-01-29T08:00:00Z,,22492ff65b665d48,2024-01-31T23:52:04Z
Infrastructure Business Analyst Co-op,Vancouver,$0 / ,Contractor,"https://www.ziprecruiter.com/c/Teck-Resources-Limited/Job/Infrastructure-Business-Analyst-Co-op/-in-Vancouver,WA?jid=9b054d9007b8385b",Teck Resources Limited,2024-01-31T08:00:00Z,,9b054d9007b8385b,2024-01-31T23:52:04Z
Technical Business Analyst / Sr. Product Owner,Los Angeles,$57 - $63 / hr,Contractor,"https://www.ziprecruiter.com/c/iSpace-Inc./Job/Technical-Business-Analyst-Sr.-Product-Owner/-in-Los-Angeles,CA?jid=a1496ae3d906e319",iSpace Inc.,2023-12-14T04:27:04Z,remote,a1496ae3d906e319,2024-01-31T23:52:04Z
"Business Analyst, SAP PLM Registration",San Mateo,$0 / ,Contractor,"https://www.ziprecruiter.com/c/I.T.-Solutions/Job/Business-Analyst,-SAP-PLM-Registration/-in-San-Mateo,CA?jid=8c086d82e44eabf9",I.T. Solutions,2024-01-29T08:00:00Z,,8c086d82e44eabf9,2024-01-31T23:52:04Z
Provider Data Business Analyst,Remote Nationwide,$30 - $34 / hr,Contractor,"https://www.ziprecruiter.com/c/HealthCare-Support/Job/Provider-Data-Business-Analyst/-in-Remote,US?jid=08bd8e8da5e1b00b",HealthCare Support,2024-01-30T15:41:00Z,remote,08bd8e8da5e1b00b,2024-01-31T23:52:04Z
Business Analyst- Junior,Raleigh,$25.75 - $34.50 / hr,Contractor,"https://www.ziprecruiter.com/c/Datasoft-Technologies/Job/Business-Analyst-Junior/-in-Raleigh,NC?jid=b393a23f7085232b",Datasoft Technologies,2024-01-30T08:00:00Z,,b393a23f7085232b,2024-01-31T23:52:04Z
Account Payable Specialist- Long term contract,Litchfield Park,$21 - $26 / hr,Contractor,"https://www.ziprecruiter.com/c/JCO-Workforce-Solutions,-LLC/Job/Account-Payable-Specialist-Long-term-contract/-in-Litchfield-Park,AZ?jid=13321ec6b534c566","JCO Workforce Solutions, LLC",2023-11-11T00:09:12Z,,13321ec6b534c566,2024-01-31T23:52:04Z
IT Business Analyst,Seattle,$54.54 - $62.54 / hr,Contractor,"https://www.ziprecruiter.com/c/Genesis-Corp.-New-Journey-AI-LLC/Job/IT-Business-Analyst/-in-Seattle,WA?jid=c533db533d023be6",Genesis Corp./New Journey AI LLC,2024-01-20T04:30:35Z,,c533db533d023be6,2024-01-31T23:52:04Z
Sr. Demand Planning Analyst,Seattle,$0 / ,Contractor,"https://www.ziprecruiter.com/c/Pros2Plan-LLC,-a-Spinnaker-SCA-Subsidiary/Job/Sr.-Demand-Planning-Analyst/-in-Seattle,WA?jid=9b365d2aff235e60","Pros2Plan LLC, a Spinnaker SCA Subsidiary",2024-01-03T14:35:05Z,,9b365d2aff235e60,2024-01-31T23:52:04Z
Civil Engineer Land Development,San Ramon,$55 - $75 / hr,Contractor,"https://www.ziprecruiter.com/c/Nextaff/Job/Civil-Engineer-Land-Development/-in-San-Ramon,CA?jid=3b321de738801fd0",Nextaff,2024-01-29T16:48:15Z,,3b321de738801fd0,2024-01-31T23:52:04Z
Salesforce Business System Analyst,Pleasanton,$50 - $66 / hr,Contractor,"https://www.ziprecruiter.com/c/Workday/Job/Salesforce-Business-System-Analyst/-in-Pleasanton,CA?jid=d78d0d351fc2e063",Workday,2023-09-23T10:46:28Z,,d78d0d351fc2e063,2024-01-31T23:52:04Z
Senior Business Analyst,Irving,$70 - $75 / hr,Contractor,"https://www.ziprecruiter.com/c/Pyramid-Consulting/Job/Senior-Business-Analyst/-in-Irving,TX?jid=9ebc5e14e17a7737",Pyramid Consulting,2024-01-26T08:00:00Z,,9ebc5e14e17a7737,2024-01-31T23:52:04Z
Service Now Business Analyst,Seattle,$0 / ,Contractor,"https://www.ziprecruiter.com/c/Resource-Logistics/Job/Service-Now-Business-Analyst/-in-Seattle,WA?jid=00fbfb05fd940703",Resource Logistics,2024-01-26T08:00:00Z,,00fbfb05fd940703,2024-01-31T23:52:08Z
Sr. Business Analyst ERP,Nashville,$89K - $115K / yr,Contractor,"https://www.ziprecruiter.com/c/Nesco-Resource/Job/Sr.-Business-Analyst-ERP/-in-Nashville,TN?jid=92272c7d764bb788",Nesco Resource,2024-01-31T08:00:00Z,,92272c7d764bb788,2024-01-31T23:52:08Z
Business Analyst (W2),San Francisco,$33 / hr,Contractor,"https://www.ziprecruiter.com/c/Ask-IT-consulting/Job/Business-Analyst-(W2)/-in-San-Francisco,CA?jid=402d096f9bdbdf78",Ask IT consulting,2017-08-30T07:00:00Z,,402d096f9bdbdf78,2024-01-31T23:52:08Z
Lead Data Anlyst,Frisco,$0 / ,Contractor,"https://www.ziprecruiter.com/c/Tekstripes-Llc/Job/Lead-Data-Anlyst/-in-Frisco,TX?jid=4be497b83f0e295c",Tekstripes Llc,2023-10-31T15:46:01Z,,4be497b83f0e295c,2024-01-31T23:52:08Z
Salesforce Business Analyst,Los Angeles,$65 - $75 / hr,Contractor,"https://www.ziprecruiter.com/c/TEKsystems/Job/Salesforce-Business-Analyst/-in-Los-Angeles,CA?jid=59ad5a1425d55b31",TEKsystems,2024-01-19T02:09:56Z,,59ad5a1425d55b31,2024-01-31T23:52:08Z
Business Analyst,Austin,$0 / ,Contractor,"https://www.ziprecruiter.com/c/RIT-Solutions/Job/Business-Analyst/-in-Austin,TX?jid=f2eedb3cbcf0c184",RIT Solutions,2023-09-13T02:19:31Z,,f2eedb3cbcf0c184,2024-01-31T23:52:08Z
Senior Project Analyst,Newport Beach,$45 - $55 / hr,Contractor,"https://www.ziprecruiter.com/c/Peregrine-Team/Job/Senior-Project-Analyst/-in-Newport-Beach,CA?jid=696046f07b3f513b",Peregrine Team,2024-01-12T04:08:22Z,,696046f07b3f513b,2024-01-31T23:52:08Z
Sr Business Process Analyst (SDLC And Training),Folsom,$55 - $69 / hr,Contractor,"https://www.ziprecruiter.com/c/TEKsystems/Job/Sr-Business-Process-Analyst-(SDLC-And-Training)/-in-Folsom,CA?jid=4c5cf1cd15212b5c",TEKsystems,2024-01-29T23:51:52Z,,4c5cf1cd15212b5c,2024-01-31T23:52:08Z
Business Analyst with OSS,Addison,$0 / ,Contractor,"https://www.ziprecruiter.com/c/Manual-Tester-Monterrey-empleos-en-mexico/Job/Business-Analyst-with-OSS/-in-Addison,TX?jid=9e7417dd1c1f88cc",Manual Tester - Monterrey - empleos en mexico,2023-05-01T07:00:00Z,,9e7417dd1c1f88cc,2024-01-31T23:52:08Z
Guidewire Policy Center Business Analyst,Plano,$0 / ,Contractor,"https://www.ziprecruiter.com/c/eTeam/Job/Guidewire-Policy-Center-Business-Analyst/-in-Plano,TX?jid=ddae77463e8067ae",eTeam,2023-10-18T07:00:00Z,,ddae77463e8067ae,2024-01-31T23:52:08Z
Business Analyst,Oakland,$52 - $60 / hr,Contractor,"https://www.ziprecruiter.com/c/Global-Technical-Talent/Job/Business-Analyst/-in-Oakland,CA?jid=aeccd330bca1fb72",Global Technical Talent,2024-01-16T08:00:00Z,,aeccd330bca1fb72,2024-01-31T23:52:08Z
Industrial Engineer 3,Fremont,$50 - $60 / hr,Contractor,"https://www.ziprecruiter.com/c/Acara-Solutions/Job/Industrial-Engineer-3/-in-Fremont,CA?jid=95337f4c44c0df72",Acara Solutions,2023-05-18T19:51:35Z,,95337f4c44c0df72,2024-01-31T23:52:08Z
Business Analyst with PM & Leadership skills,Remote,$0 / ,Contractor,"https://www.ziprecruiter.com/c/AppLab-Systems,-Inc./Job/Business-Analyst-with-PM-&-Leadership-skills/-in-Remote,OR?jid=bb1ea7e7df1170cd","AppLab Systems, Inc.",2022-10-12T07:00:00Z,remote,bb1ea7e7df1170cd,2024-01-31T23:52:08Z
Business Systems Analyst II,Jersey City,$0 / ,Contractor,"https://www.ziprecruiter.com/c/Project-Specialist-1-:-23-01710-Jobymind.com/Job/Business-Systems-Analyst-II/-in-Jersey-City,NJ?jid=0ce91576caf4622f",Project Specialist - 1 #: 23-01710 - Jobymind.com,2024-01-30T08:00:00Z,,0ce91576caf4622f,2024-01-31T23:52:08Z
"Business Analyst - IAM, Sailpoint, Saviynt",Los Angeles,$78.87 / hr,Contractor,"https://www.ziprecruiter.com/c/Intelliswift-Software-Inc/Job/Business-Analyst-IAM,-Sailpoint,-Saviynt/-in-Los-Angeles,CA?jid=35f4b88934f149cb",Intelliswift Software Inc,2023-11-07T22:23:16Z,,35f4b88934f149cb,2024-01-31T23:52:08Z
Business Analyst,Phoenix,$0 / ,Contractor,"https://www.ziprecruiter.com/c/Futrell-Solutions/Job/Business-Analyst/-in-Phoenix,AZ?jid=e860d67fda5b3ed3",Futrell Solutions,2015-02-03T08:00:00Z,,e860d67fda5b3ed3,2024-01-31T23:52:08Z
Business Analyst (40108),Phoenix,$0 / ,Contractor,"https://www.ziprecruiter.com/c/IDEALFORCE-LLC/Job/Business-Analyst-(40108)/-in-Phoenix,AZ?jid=22d1ddaa94429559",IDEALFORCE LLC,2016-04-22T07:00:00Z,,22d1ddaa94429559,2024-01-31T23:52:08Z
Business Analyst(34088),Phoenix,$0 / ,Contractor,"https://www.ziprecruiter.com/c/IDEALFORCE-LLC/Job/Business-Analyst(34088)/-in-Phoenix,AZ?jid=6f1c57c057a5a5a5",IDEALFORCE LLC,2015-05-08T07:00:00Z,,6f1c57c057a5a5a5,2024-01-31T23:52:08Z
Marketing Associate Intern,Jacksonville,$15 - $17 / hr,Contractor,"https://www.ziprecruiter.com/c/My-Virtual-Resources-LLC/Job/Marketing-Associate-Intern/-in-Jacksonville,FL?jid=88cc72a96992ce8e",My Virtual Resources LLC,2023-08-31T23:51:07Z,remote,88cc72a96992ce8e,2024-01-31T23:52:08Z
Business Analyst 3,Austin,$48 - $52.81 / hr,Contractor,"https://www.ziprecruiter.com/c/NextDeavor,-Inc./Job/Business-Analyst-3/-in-Austin,TX?jid=05f79b18c4e74650","NextDeavor, Inc.",2023-12-12T08:00:00Z,remote,05f79b18c4e74650,2024-01-31T23:52:21Z
Business Analyst,Carson City,$0 / ,Contractor,"https://www.ziprecruiter.com/c/Link-Technologies/Job/Business-Analyst/-in-Carson-City,NV?jid=133a35411c02198d",Link Technologies,2016-11-21T08:00:00Z,,133a35411c02198d,2024-01-31T23:52:21Z
Business Intelligence Analyst,San Francisco,$75 / hr,Contractor,"https://www.ziprecruiter.com/c/Estrada-Consulting-Incorporated/Job/Business-Intelligence-Analyst/-in-San-Francisco,CA?jid=0008e628e95ca8b5",Estrada Consulting Incorporated,2024-01-22T21:58:38Z,,0008e628e95ca8b5,2024-01-31T23:52:21Z
Electrical Engineer,Tualatin,$40 - $65 / hr,Contractor,"https://www.ziprecruiter.com/c/Acara-Solutions/Job/Electrical-Engineer/-in-Tualatin,OR?jid=cac1bfa0e7fcb714",Acara Solutions,2023-11-07T23:15:54Z,,cac1bfa0e7fcb714,2024-01-31T23:52:21Z
Business Analyst,Long Beach,$0 / ,Contractor,"https://www.ziprecruiter.com/c/Prosum/Job/Business-Analyst/-in-Long-Beach,CA?jid=2ea52082f8a2a2be",Prosum,2016-03-23T07:00:00Z,,2ea52082f8a2a2be,2024-01-31T23:52:21Z
IT Business Analyst - Court Interpreter System,Seattle,$0 / ,Contractor,"https://www.ziprecruiter.com/c/Sabot-Consulting/Job/IT-Business-Analyst-Court-Interpreter-System/-in-Seattle,WA?jid=bd46015dc4746e60",Sabot Consulting,2024-01-22T05:36:44Z,remote,bd46015dc4746e60,2024-01-31T23:52:21Z
Business Analyst,Seattle,$0 / ,Contractor,"https://www.ziprecruiter.com/c/Stem-Xpert/Job/Business-Analyst/-in-Seattle,WA?jid=45db26fa7763f05b",Stem Xpert,2014-01-02T08:00:00Z,,45db26fa7763f05b,2024-01-31T23:52:21Z
"Business Analyst, Associate",Reno,$0 / ,Contractor,"https://www.ziprecruiter.com/c/Westinghouse-Electric-Company,-LLC/Job/Business-Analyst,-Associate/-in-Reno,NV?jid=278f3dfaba5fedac","Westinghouse Electric Company, LLC",2023-12-16T10:13:04Z,,278f3dfaba5fedac,2024-01-31T23:52:21Z
IT Business Analyst,Portland,$0 / ,Contractor,"https://www.ziprecruiter.com/c/Mavensoft-Technologies,-LLC./Job/IT-Business-Analyst/-in-Portland,OR?jid=264d5578371bdcaa","Mavensoft Technologies, LLC.",2024-01-24T03:49:36Z,remote,264d5578371bdcaa,2024-01-31T23:52:21Z
Helpdesk Support,Carson City,$30 - $36 / hr,Contractor,"https://www.ziprecruiter.com/c/Acro-Service-Corporation/Job/Helpdesk-Support/-in-Carson-City,NV?jid=18ff6601c312a3fc",Acro Service Corporation,2024-01-17T18:37:43Z,,18ff6601c312a3fc,2024-01-31T23:52:21Z
Social Media Expert,Irvine,$200 - $350 / wk,Contractor,"https://www.ziprecruiter.com/c/Powerhouse-Esports-INC/Job/Social-Media-Expert/-in-Irvine,CA?jid=89252377be49ce8d",Powerhouse Esports INC,2024-01-26T18:08:15Z,,89252377be49ce8d,2024-01-31T23:52:21Z
Business Analyst,Redmond,$0 / ,Contractor,"https://www.ziprecruiter.com/c/Tepui-Consulting/Job/Business-Analyst/-in-Redmond,WA?jid=eb322924fbcff8bc",Tepui Consulting,2023-07-02T00:00:00Z,,eb322924fbcff8bc,2024-01-31T23:52:21Z
Business Analyst - License Royalty,Redmond,$0 / ,Contractor,"https://www.ziprecruiter.com/c/Tepui-Consulting/Job/Business-Analyst-License-Royalty/-in-Redmond,WA?jid=c6617e8cfbc2e86f",Tepui Consulting,2023-06-25T00:00:00Z,,c6617e8cfbc2e86f,2024-01-31T23:52:21Z
Sr Business Analyst,Las Vegas,$88K - $114K / yr,Contractor,"https://www.ziprecruiter.com/c/Fusion-HCR/Job/Sr-Business-Analyst/-in-Las-Vegas,NV?jid=77a311c291bcb1a1",Fusion HCR,2023-05-03T06:23:01Z,remote,77a311c291bcb1a1,2024-01-31T23:52:21Z
Control Systems Engineer,Anaheim,$55 - $60 / hr,Contractor,"https://www.ziprecruiter.com/c/Visium-Resources,-Inc./Job/Control-Systems-Engineer/-in-Anaheim,CA?jid=cd7bce7baf0021d9","Visium Resources, Inc.",2023-10-03T20:55:35Z,,cd7bce7baf0021d9,2024-01-31T23:52:21Z
"Business Analyst - Bellevue, WA",Bellevue,$0 / ,Contractor,"https://www.ziprecruiter.com/c/Deegit-Inc/Job/Business-Analyst-Bellevue,-WA/-in-Bellevue,WA?jid=0bbda513396bdfd5",Deegit Inc,2015-09-16T00:00:00Z,,0bbda513396bdfd5,2024-01-31T23:52:21Z
Business Analyst,Bellevue,$0 / ,Contractor,"https://www.ziprecruiter.com/c/AditiStaffing/Job/Business-Analyst/-in-Bellevue,WA?jid=18fd30639b006401",AditiStaffing,2015-11-10T08:00:00Z,,18fd30639b006401,2024-01-31T23:52:21Z
Multiple Financial Business Analysts,El Segundo,$50 / hr,Contractor,"https://www.ziprecruiter.com/c/Motocol/Job/Multiple-Financial-Business-Analysts/-in-El-Segundo,CA?jid=e0ea5222acb0fe12",Motocol,2015-12-02T08:00:00Z,,e0ea5222acb0fe12,2024-01-31T23:52:21Z
Business Analyst (Business Data Analyst),San Francisco,$0 / ,Contractor,"https://www.ziprecruiter.com/c/H1B-Sponsorship-Jobs-in-Usa/Job/Business-Analyst-(Business-Data-Analyst)/-in-San-Francisco,CA?jid=35093afff9755bdb",H1B Sponsorship Jobs in Usa,2023-11-29T08:00:00Z,,35093afff9755bdb,2024-01-31T23:52:21Z
Business Analyst 3,Austin,$48 - $52.81 / hr,Contractor,"https://www.ziprecruiter.com/c/NextDeavor,-Inc./Job/Business-Analyst-3/-in-Austin,TX?jid=05f79b18c4e74650","NextDeavor, Inc.",2023-12-12T08:00:00Z,remote,05f79b18c4e74650,2024-01-31T23:52:24Z
Multiple Financial Business Analysts,El Segundo,$50 / hr,Contractor,"https://www.ziprecruiter.com/c/Motocol/Job/Multiple-Financial-Business-Analysts/-in-El-Segundo,CA?jid=e0ea5222acb0fe12",Motocol,2015-12-02T08:00:00Z,,e0ea5222acb0fe12,2024-01-31T23:52:24Z
Sr Business Analyst,Las Vegas,$88K - $114K / yr,Contractor,"https://www.ziprecruiter.com/c/Fusion-HCR/Job/Sr-Business-Analyst/-in-Las-Vegas,NV?jid=77a311c291bcb1a1",Fusion HCR,2023-05-03T06:23:01Z,remote,77a311c291bcb1a1,2024-01-31T23:52:24Z
Business Systems Analyst - Benefits Configuration,Durham,$0 / ,Contractor,"https://www.ziprecruiter.com/c/Xpert-Tech/Job/Business-Systems-Analyst-Benefits-Configuration/-in-Durham,NC?jid=0ec7f53f6b67c715",Xpert Tech,2018-06-29T07:00:00Z,remote,0ec7f53f6b67c715,2024-01-31T23:52:24Z
Business Analyst (Business Data Analyst),San Francisco,$0 / ,Contractor,"https://www.ziprecruiter.com/c/H1B-Sponsorship-Jobs-in-Usa/Job/Business-Analyst-(Business-Data-Analyst)/-in-San-Francisco,CA?jid=35093afff9755bdb",H1B Sponsorship Jobs in Usa,2023-11-29T08:00:00Z,,35093afff9755bdb,2024-01-31T23:52:24Z
"Business Analyst - Bellevue, WA",Bellevue,$0 / ,Contractor,"https://www.ziprecruiter.com/c/Deegit-Inc/Job/Business-Analyst-Bellevue,-WA/-in-Bellevue,WA?jid=0bbda513396bdfd5",Deegit Inc,2015-09-16T00:00:00Z,,0bbda513396bdfd5,2024-01-31T23:52:24Z
Business Analyst,Bellevue,$0 / ,Contractor,"https://www.ziprecruiter.com/c/AditiStaffing/Job/Business-Analyst/-in-Bellevue,WA?jid=18fd30639b006401",AditiStaffing,2015-11-10T08:00:00Z,,18fd30639b006401,2024-01-31T23:52:24Z
"Business Analyst / ERP Business Analyst - Los Angeles, CA",Los Angeles,$0 / ,Contractor,"https://www.ziprecruiter.com/c/Two95-International-Inc./Job/Business-Analyst-ERP-Business-Analyst-Los-Angeles,-CA/-in-Los-Angeles,CA?jid=6f069602d776a9ca",Two95 International Inc.,2019-05-22T07:00:00Z,,6f069602d776a9ca,2024-01-31T23:52:24Z
Business Analyst / Functional Lead,Torrance,$0 / ,Contractor,"https://www.ziprecruiter.com/c/Cogent-Infotech/Job/Business-Analyst-Functional-Lead/-in-Torrance,CA?jid=616295c121ccbb26",Cogent Infotech,2023-01-30T08:00:00Z,,616295c121ccbb26,2024-01-31T23:52:24Z
Business Analyst (only W2),Ventura,$0 / ,Contractor,"https://www.ziprecruiter.com/c/Enegra-systems/Job/Business-Analyst-(only-W2)/-in-Ventura,CA?jid=686221b27197f11e",Enegra systems,2018-03-21T00:00:00Z,,686221b27197f11e,2024-01-31T23:52:24Z
Business Analyst (W2),Irvine,$0 / ,Contractor,"https://www.ziprecruiter.com/c/Ask-IT-consulting/Job/Business-Analyst-(W2)/-in-Irvine,CA?jid=75d316315c2cbb83",Ask IT consulting,2017-08-24T07:00:00Z,,75d316315c2cbb83,2024-01-31T23:52:24Z
Business Analyst Oracle CC&B,Los Angeles,$0 / ,Contractor,"https://www.ziprecruiter.com/c/Deegit-Inc/Job/Business-Analyst-Oracle-CC&B/-in-Los-Angeles,CA?jid=aa8ea327e8b6f0cf",Deegit Inc,2017-03-29T00:00:00Z,,aa8ea327e8b6f0cf,2024-01-31T23:52:24Z
Lead Business Analyst with Informatica MDM and Customer Life cycle,San Francisco,$0 / ,Contractor,"https://www.ziprecruiter.com/c/Inter-Sources-Inc/Job/Lead-Business-Analyst-with-Informatica-MDM-and-Customer-Life-cycle/-in-San-Francisco,CA?jid=e5154972237cc7e7",Inter Sources Inc,2017-12-19T00:00:00Z,,e5154972237cc7e7,2024-01-31T23:52:24Z
Business Systems Analyst - Peoplesoft,San Francisco,$0 / ,Contractor,"https://www.ziprecruiter.com/c/Vision-It-US/Job/Business-Systems-Analyst-Peoplesoft/-in-San-Francisco,CA?jid=1759e662a9103ac9",Vision It US,2024-01-24T21:25:08Z,,1759e662a9103ac9,2024-01-31T23:52:24Z
Benefits Systems Consultant,Berkeley,$79 - $80 / hr,Contractor,"https://www.ziprecruiter.com/c/LTD-GLOBAL,-LLC/Job/Benefits-Systems-Consultant/-in-Berkeley,CA?jid=ba16d0baae3a13a9","LTD GLOBAL, LLC",2024-01-10T23:11:25Z,,ba16d0baae3a13a9,2024-01-31T23:52:24Z
Digital eCommerce Analyst,Calabasas,$30 / hr,Contractor,"https://www.ziprecruiter.com/c/Adecco/Job/Digital-eCommerce-Analyst/-in-Calabasas,CA?jid=2a13145ded493872",Adecco,2024-01-05T00:28:47Z,,2a13145ded493872,2024-01-31T23:52:24Z
Business Analyst (BA) Configuration Management Specialist (Lead) [1000C0],Olympia,$0 / ,Contractor,"https://www.ziprecruiter.com/c/ProSidian-Consulting,-LLC/Job/Business-Analyst-(BA)-Configuration-Management-Specialist-(Lead)-[1000C0]/-in-Olympia,WA?jid=41bf4a2234bc4a6d","ProSidian Consulting, LLC",2019-03-05T08:00:00Z,,41bf4a2234bc4a6d,2024-01-31T23:52:24Z
Outside Sales Manager - Merchant services,Phoenix,$125K - $480K / yr,Contractor,"https://www.ziprecruiter.com/c/Merchant-Services-Broker-Solutions/Job/Outside-Sales-Manager-Merchant-services/-in-Phoenix,AZ?jid=a93475ddeea8662c",Merchant Services Broker Solutions,2024-01-29T18:18:51Z,remote,a93475ddeea8662c,2024-01-31T23:52:24Z
Business Analyst,Rancho Cordova,$0 / ,Contractor,"https://www.ziprecruiter.com/c/USM/Job/Business-Analyst/-in-Rancho-Cordova,CA?jid=3507097ae41f9a24",USM,2016-02-04T08:00:00Z,,3507097ae41f9a24,2024-01-31T23:52:24Z
Business Analyst with MES Domain,San Jose,$0 / ,Contractor,"https://www.ziprecruiter.com/c/Micasa-Global/Job/Business-Analyst-with-MES-Domain/-in-San-Jose,CA?jid=05989ea7a062a3fe",Micasa Global,2023-01-19T08:00:00Z,,05989ea7a062a3fe,2024-01-31T23:52:24Z
